0,1,2,3,4,5,6,7
64.0,64.0,0.0,0,0,3003,308,1
96.0,64.0,0.0,0,1,3003,308,1
56.0,72.0,0.0,0,2,3004,308,1
64.0,80.0,0.0,1,3,3004,308,1
96.0,80.0,0.0,1,4,3004,308,1
56.0,168.0,0.0,0,5,3003,308,1
72.0,168.0,0.0,1,6,3005,308,1
96.0,168.0,0.0,0,7,3003,308,1
72.0,176.0,0.0,1,8,3024,308,1
64.0,184.0,0.0,1,9,3024,308,1
96.0,160.0,0.0,1,10,3024,308,1
64.0,160.0,3.2,1,11,3023,308,1
96.0,160.0,3.2,1,12,3023,308,1
64.0,64.0,6.4,1,13,3023,192,1
96.0,64.0,6.4,1,14,3023,192,1
56.0,72.0,6.4,0,15,3023,308,1
64.0,72.0,6.4,1,16,3005,26,1
72.0,72.0,6.4,1,17,3024,308,1
96.0,72.0,6.4,0,18,3022,308,1
64.0,80.0,6.4,1,19,3023,308,1
56.0,160.0,6.4,1,20,3024,192,1
64.0,160.0,6.4,1,21,3023,308,1
96.0,160.0,6.4,1,22,3023,192,1
56.0,168.0,6.4,0,23,3022,308,1
72.0,168.0,6.4,1,24,3024,308,1
96.0,168.0,6.4,0,25,3022,308,1
56.0,64.0,9.600000000000001,1,26,3023,154,1
72.0,64.0,9.600000000000001,1,27,3024,154,1
96.0,64.0,9.600000000000001,1,28,3023,154,1
56.0,72.0,9.600000000000001,1,29,3024,192,1
72.0,72.0,9.600000000000001,1,30,3024,192,1
96.0,72.0,9.600000000000001,1,31,3023,192,1
56.0,80.0,9.600000000000001,1,32,3023,308,1
72.0,80.0,9.600000000000001,1,33,3024,308,1
96.0,80.0,9.600000000000001,1,34,3023,308,1
56.0,160.0,9.600000000000001,1,35,3023,154,1
72.0,160.0,9.600000000000001,1,36,3024,154,1
96.0,160.0,9.600000000000001,1,37,3023,154,1
56.0,168.0,9.600000000000001,1,38,3023,192,1
72.0,168.0,9.600000000000001,1,39,3024,192,1
96.0,168.0,9.600000000000001,0,40,3022,192,1
56.0,176.0,9.600000000000001,1,41,3024,192,1
64.0,176.0,9.600000000000001,1,42,3024,308,1
56.0,64.0,12.8,1,43,3023,154,1
72.0,64.0,12.8,0,44,3023,154,1
96.0,64.0,12.8,0,45,3022,154,1
56.0,72.0,12.8,0,46,3023,154,1
64.0,80.0,12.8,1,47,3024,192,1
72.0,80.0,12.8,1,48,3024,154,1
96.0,80.0,12.8,1,49,3023,192,1
56.0,160.0,12.8,0,50,3023,154,1
64.0,160.0,12.8,0,51,3022,154,1
96.0,160.0,12.8,0,52,3022,154,1
56.0,176.0,12.8,1,53,3023,154,1
96.0,176.0,12.8,1,54,3023,154,1
56.0,64.0,16.0,0,55,3004,154,1
64.0,64.0,16.0,1,56,3005,154,1
72.0,64.0,16.0,0,57,3004,154,1
96.0,64.0,16.0,1,58,3004,154,1
64.0,72.0,16.0,1,59,3024,26,1
96.0,72.0,16.0,0,60,3003,154,1
56.0,80.0,16.0,1,61,3024,154,1
64.0,80.0,16.0,1,62,3005,154,1
72.0,80.0,16.0,1,63,3024,154,1
56.0,160.0,16.0,1,64,3004,154,1
72.0,160.0,16.0,0,65,3004,154,1
96.0,160.0,16.0,1,66,3004,154,1
56.0,168.0,16.0,0,67,3003,154,1
96.0,168.0,16.0,0,68,3003,154,1
64.0,56.0,19.200000000000003,1,69,3023,154,1
96.0,56.0,19.200000000000003,1,70,3023,154,1
64.0,72.0,19.200000000000003,1,71,3024,154,1
56.0,80.0,19.200000000000003,1,72,3024,154,1
72.0,80.0,19.200000000000003,1,73,3024,154,1
64.0,56.0,22.400000000000002,1,74,3023,154,1
96.0,56.0,22.400000000000002,1,75,3023,154,1
64.0,72.0,22.400000000000002,1,76,3024,154,1
96.0,152.0,22.400000000000002,1,77,3024,154,1
56.0,56.0,25.6,0,78,3004,154,1
64.0,56.0,25.6,0,79,3003,154,1
96.0,56.0,25.6,0,80,3003,154,1
56.0,72.0,25.6,1,81,3005,154,1
64.0,72.0,25.6,1,82,3004,154,1
96.0,72.0,25.6,1,83,3004,154,1
56.0,160.0,25.6,0,84,3004,154,1
64.0,160.0,25.6,0,85,3003,154,1
96.0,160.0,25.6,0,86,3003,154,1
56.0,176.0,25.6,1,87,3024,154,1
64.0,176.0,25.6,1,88,3005,154,1
96.0,176.0,25.6,1,89,3004,154,1
64.0,152.0,32.0,1,90,3024,154,1
96.0,152.0,32.0,1,91,3023,154,1
56.0,56.0,35.2,0,92,3003,154,1
72.0,56.0,35.2,0,93,3004,154,1
96.0,56.0,35.2,0,94,3003,154,1
56.0,72.0,35.2,1,95,3004,154,1
72.0,72.0,35.2,1,96,3005,154,1
96.0,72.0,35.2,1,97,3004,154,1
64.0,152.0,35.2,1,98,3005,154,1
96.0,152.0,35.2,0,99,3003,154,1
56.0,160.0,35.2,0,100,3004,154,1
64.0,160.0,35.2,1,101,3024,154,1
72.0,160.0,35.2,0,102,3004,154,1
64.0,168.0,35.2,1,103,3005,154,1
96.0,168.0,35.2,1,104,3004,154,1
64.0,176.0,35.2,1,105,3024,154,1
96.0,176.0,35.2,1,106,3023,154,1
56.0,152.0,38.400000000000006,1,107,3024,154,1
72.0,152.0,38.400000000000006,1,108,3024,154,1
64.0,160.0,38.400000000000006,1,109,3024,154,1
56.0,152.0,41.6,1,110,3024,154,1
72.0,152.0,41.6,1,111,3024,154,1
64.0,160.0,41.6,1,112,3024,26,1
56.0,56.0,44.800000000000004,1,113,3004,154,1
72.0,56.0,44.800000000000004,1,114,3005,154,1
96.0,56.0,44.800000000000004,1,115,3004,154,1
56.0,64.0,44.800000000000004,0,116,3003,154,1
72.0,64.0,44.800000000000004,0,117,3004,154,1
96.0,64.0,44.800000000000004,0,118,3003,154,1
56.0,152.0,44.800000000000004,1,119,3004,154,1
96.0,152.0,44.800000000000004,1,120,3004,154,1
56.0,160.0,44.800000000000004,0,121,3003,154,1
72.0,160.0,44.800000000000004,1,122,3005,154,1
96.0,160.0,44.800000000000004,0,123,3003,154,1
96.0,48.0,48.0,1,124,3024,154,1
72.0,152.0,48.0,1,125,3024,154,1
64.0,48.0,51.2,1,126,3024,154,1
96.0,48.0,51.2,1,127,3024,154,1
64.0,48.0,54.400000000000006,0,128,3003,154,1
96.0,48.0,54.400000000000006,0,129,3003,154,1
56.0,56.0,54.400000000000006,1,130,3005,154,1
56.0,64.0,54.400000000000006,0,131,3004,154,1
64.0,64.0,54.400000000000006,0,132,3003,154,1
96.0,64.0,54.400000000000006,0,133,3003,154,1
56.0,152.0,54.400000000000006,1,134,3004,154,1
96.0,152.0,54.400000000000006,1,135,3004,154,1
56.0,160.0,54.400000000000006,0,136,3003,154,1
72.0,160.0,54.400000000000006,1,137,3005,154,1
96.0,160.0,54.400000000000006,0,138,3003,154,1
72.0,152.0,57.6,1,139,3024,154,1
72.0,152.0,60.800000000000004,1,140,3024,154,1
72.0,168.0,60.800000000000004,1,141,3024,154,1
64.0,48.0,64.0,0,142,3003,154,1
96.0,48.0,64.0,0,143,3003,154,1
56.0,56.0,64.0,0,144,3004,154,1
64.0,64.0,64.0,0,145,3003,154,1
96.0,64.0,64.0,0,146,3003,154,1
56.0,72.0,64.0,1,147,3005,154,1
56.0,152.0,64.0,0,148,3004,154,1
64.0,152.0,64.0,0,149,3003,154,1
96.0,152.0,64.0,0,150,3003,154,1
56.0,168.0,64.0,1,151,3005,154,1
64.0,168.0,64.0,1,152,3004,154,1
96.0,168.0,64.0,1,153,3004,154,1
56.0,48.0,67.2,1,154,3024,154,1
56.0,48.0,70.4,1,155,3024,154,1
88.0,64.0,70.4,1,156,3024,154,1
56.0,48.0,73.60000000000001,0,157,3003,154,1
72.0,48.0,73.60000000000001,0,158,3004,154,1
96.0,48.0,73.60000000000001,1,159,3004,154,1
88.0,56.0,73.60000000000001,0,160,3004,154,1
96.0,56.0,73.60000000000001,1,161,3024,154,1
104.0,56.0,73.60000000000001,0,162,3004,154,1
56.0,64.0,73.60000000000001,1,163,3005,154,1
64.0,64.0,73.60000000000001,1,164,3024,26,1
72.0,64.0,73.60000000000001,1,165,3005,154,1
96.0,64.0,73.60000000000001,0,166,3004,154,1
64.0,72.0,73.60000000000001,1,167,3005,154,1
72.0,72.0,73.60000000000001,1,168,3024,154,1
104.0,72.0,73.60000000000001,1,169,3005,154,1
56.0,152.0,73.60000000000001,0,170,3003,154,1
72.0,152.0,73.60000000000001,0,171,3004,154,1
96.0,152.0,73.60000000000001,0,172,3003,154,1
56.0,168.0,73.60000000000001,1,173,3004,154,1
72.0,168.0,73.60000000000001,1,174,3005,154,1
96.0,168.0,73.60000000000001,1,175,3004,154,1
88.0,48.0,76.80000000000001,1,176,3024,154,1
96.0,56.0,76.80000000000001,1,177,3024,26,1
64.0,64.0,76.80000000000001,1,178,3024,154,1
88.0,48.0,80.0,1,179,3024,154,1
96.0,56.0,80.0,1,180,3024,26,1
64.0,64.0,80.0,1,181,3024,154,1
56.0,48.0,83.2,1,182,3004,154,1
72.0,48.0,83.2,1,183,3005,154,1
88.0,48.0,83.2,1,184,3004,154,1
104.0,48.0,83.2,1,185,3005,154,1
56.0,56.0,83.2,0,186,3003,154,1
72.0,56.0,83.2,0,187,3004,154,1
88.0,56.0,83.2,0,188,3003,154,1
104.0,56.0,83.2,0,189,3004,154,1
64.0,72.0,83.2,1,190,3024,154,1
96.0,72.0,83.2,1,191,3024,154,1
56.0,152.0,83.2,1,192,3004,154,1
72.0,152.0,83.2,1,193,3005,154,1
96.0,152.0,83.2,1,194,3004,154,1
56.0,160.0,83.2,0,195,3003,154,1
72.0,160.0,83.2,0,196,3004,154,1
96.0,160.0,83.2,0,197,3003,154,1
56.0,48.0,92.80000000000001,1,198,3005,154,1
64.0,48.0,92.80000000000001,1,199,3004,154,1
88.0,48.0,92.80000000000001,1,200,3005,154,1
96.0,48.0,92.80000000000001,1,201,3004,154,1
56.0,56.0,92.80000000000001,0,202,3004,154,1
64.0,56.0,92.80000000000001,0,203,3003,154,1
88.0,56.0,92.80000000000001,0,204,3004,154,1
96.0,56.0,92.80000000000001,0,205,3003,154,1
56.0,152.0,92.80000000000001,1,206,3005,154,1
64.0,152.0,92.80000000000001,1,207,3004,154,1
96.0,152.0,92.80000000000001,1,208,3004,154,1
56.0,160.0,92.80000000000001,0,209,3004,154,1
64.0,160.0,92.80000000000001,0,210,3003,154,1
96.0,160.0,92.80000000000001,0,211,3003,154,1
112.0,56.0,99.2,0,212,3023,154,1
64.0,72.0,99.2,1,213,3024,154,1
96.0,72.0,99.2,1,214,3023,154,1
64.0,40.0,102.4,1,215,3005,154,1
96.0,40.0,102.4,1,216,3005,154,1
56.0,48.0,102.4,0,217,3004,154,1
64.0,48.0,102.4,0,218,3003,154,1
88.0,48.0,102.4,0,219,3004,154,1
96.0,48.0,102.4,1,220,3004,154,1
96.0,56.0,102.4,1,221,3005,26,1
104.0,56.0,102.4,0,222,3003,154,1
56.0,64.0,102.4,0,223,3004,154,1
64.0,64.0,102.4,0,224,3003,154,1
88.0,64.0,102.4,1,225,3005,154,1
96.0,64.0,102.4,1,226,3024,154,1
96.0,72.0,102.4,1,227,3004,154,1
56.0,152.0,102.4,0,228,3004,154,1
64.0,152.0,102.4,0,229,3003,154,1
96.0,152.0,102.4,0,230,3003,154,1
56.0,168.0,102.4,1,231,3024,154,1
64.0,168.0,102.4,1,232,3004,154,1
96.0,168.0,102.4,1,233,3004,154,1
72.0,40.0,105.60000000000001,1,234,3024,154,1
96.0,64.0,105.60000000000001,1,235,3024,26,1
88.0,72.0,105.60000000000001,1,236,3024,154,1
56.0,168.0,105.60000000000001,1,237,3024,154,1
72.0,40.0,108.80000000000001,1,238,3024,154,1
104.0,40.0,108.80000000000001,1,239,3024,154,1
96.0,64.0,108.80000000000001,1,240,3024,26,1
88.0,72.0,108.80000000000001,1,241,3024,154,1
64.0,40.0,112.0,0,242,3003,154,1
96.0,40.0,112.0,1,243,3004,154,1
56.0,48.0,112.0,0,244,3004,154,1
88.0,48.0,112.0,0,245,3004,154,1
96.0,48.0,112.0,1,246,3024,154,1
104.0,48.0,112.0,1,247,3005,154,1
64.0,56.0,112.0,0,248,3003,154,1
96.0,56.0,112.0,1,249,3005,26,1
104.0,56.0,112.0,1,250,3024,154,1
112.0,56.0,112.0,0,251,3004,154,1
56.0,64.0,112.0,0,252,3004,154,1
88.0,64.0,112.0,1,253,3004,154,1
104.0,64.0,112.0,1,254,3005,26,1
64.0,72.0,112.0,0,255,3023,154,1
72.0,72.0,112.0,0,256,3004,154,1
88.0,72.0,112.0,1,257,3005,154,1
96.0,72.0,112.0,1,258,3023,154,1
112.0,72.0,112.0,1,259,3005,154,1
56.0,80.0,112.0,1,260,3005,154,1
96.0,80.0,112.0,1,261,3004,154,1
56.0,152.0,112.0,0,262,3003,154,1
72.0,152.0,112.0,0,263,3004,154,1
96.0,152.0,112.0,0,264,3003,154,1
64.0,168.0,112.0,1,265,3004,154,1
96.0,168.0,112.0,1,266,3004,154,1
88.0,40.0,115.2,1,267,3024,154,1
96.0,48.0,115.2,1,268,3024,26,1
112.0,48.0,115.2,1,269,3024,154,1
104.0,56.0,115.2,1,270,3024,26,1
64.0,72.0,115.2,0,271,3023,154,1
96.0,72.0,115.2,1,272,3023,154,1
88.0,80.0,115.2,1,273,3024,154,1
64.0,88.0,115.2,1,274,3023,154,1
96.0,88.0,115.2,1,275,3023,154,1
56.0,168.0,115.2,1,276,3024,154,1
88.0,40.0,118.4,1,277,3024,154,1
96.0,48.0,118.4,1,278,3024,26,1
112.0,48.0,118.4,1,279,3024,154,1
104.0,56.0,118.4,1,280,3024,26,1
64.0,72.0,118.4,0,281,3023,26,1
96.0,72.0,118.4,1,282,3023,26,1
88.0,80.0,118.4,0,283,3023,154,1
112.0,80.0,118.4,1,284,3024,154,1
56.0,88.0,118.4,1,285,3024,154,1
64.0,88.0,118.4,0,286,3023,154,1
72.0,88.0,118.4,1,287,3024,154,1
96.0,88.0,118.4,0,288,3023,154,1
104.0,88.0,118.4,1,289,3024,154,1
64.0,144.0,118.4,1,290,3024,154,1
96.0,144.0,118.4,1,291,3023,154,1
112.0,152.0,118.4,1,292,3024,154,1
56.0,168.0,118.4,1,293,3024,154,1
64.0,40.0,121.60000000000001,1,294,3004,154,1
88.0,40.0,121.60000000000001,1,295,3024,154,1
96.0,40.0,121.60000000000001,1,296,3004,154,1
56.0,48.0,121.60000000000001,0,297,3003,154,1
72.0,48.0,121.60000000000001,1,298,3005,154,1
88.0,48.0,121.60000000000001,1,299,3004,154,1
104.0,48.0,121.60000000000001,1,300,3005,154,1
112.0,48.0,121.60000000000001,1,301,3024,154,1
72.0,56.0,121.60000000000001,0,302,3004,154,1
88.0,56.0,121.60000000000001,0,303,3003,154,1
104.0,56.0,121.60000000000001,1,304,3024,26,1
112.0,56.0,121.60000000000001,1,305,3005,154,1
56.0,64.0,121.60000000000001,0,306,3003,154,1
104.0,64.0,121.60000000000001,0,307,3003,154,1
72.0,72.0,121.60000000000001,0,308,3004,154,1
88.0,72.0,121.60000000000001,0,309,3003,154,1
56.0,80.0,121.60000000000001,1,310,3024,154,1
64.0,80.0,121.60000000000001,1,311,3005,26,1
104.0,80.0,121.60000000000001,1,312,3005,26,1
112.0,80.0,121.60000000000001,0,313,3004,154,1
56.0,88.0,121.60000000000001,0,314,3004,154,1
64.0,88.0,121.60000000000001,0,315,3023,154,1
72.0,88.0,121.60000000000001,0,316,3004,154,1
88.0,88.0,121.60000000000001,0,317,3004,154,1
96.0,88.0,121.60000000000001,1,318,3023,154,1
96.0,96.0,121.60000000000001,1,319,3004,154,1
56.0,144.0,121.60000000000001,0,320,3004,154,1
64.0,144.0,121.60000000000001,1,321,3004,154,1
96.0,144.0,121.60000000000001,0,322,3004,154,1
104.0,144.0,121.60000000000001,1,323,3005,154,1
64.0,152.0,121.60000000000001,0,324,3023,154,1
72.0,152.0,121.60000000000001,0,325,3004,154,1
104.0,152.0,121.60000000000001,1,326,3024,154,1
112.0,152.0,121.60000000000001,0,327,3004,154,1
56.0,160.0,121.60000000000001,0,328,3004,154,1
96.0,160.0,121.60000000000001,0,329,3003,154,1
64.0,168.0,121.60000000000001,1,330,3005,154,1
72.0,168.0,121.60000000000001,1,331,3024,154,1
88.0,40.0,124.80000000000001,1,332,3024,154,1
112.0,48.0,124.80000000000001,1,333,3024,154,1
104.0,56.0,124.80000000000001,1,334,3024,26,1
48.0,72.0,124.80000000000001,0,335,3023,154,1
56.0,80.0,124.80000000000001,1,336,3024,154,1
48.0,88.0,124.80000000000001,1,337,3024,154,1
64.0,88.0,124.80000000000001,1,338,3024,26,1
96.0,88.0,124.80000000000001,1,339,3023,26,1
64.0,96.0,124.80000000000001,0,340,3023,154,1
112.0,96.0,124.80000000000001,1,341,3024,154,1
72.0,104.0,124.80000000000001,1,342,3024,154,1
96.0,104.0,124.80000000000001,1,343,3023,154,1
64.0,152.0,124.80000000000001,0,344,3023,154,1
104.0,152.0,124.80000000000001,1,345,3024,26,1
72.0,168.0,124.80000000000001,1,346,3024,154,1
104.0,56.0,128.0,1,347,3024,154,1
48.0,72.0,128.0,0,348,3023,154,1
56.0,80.0,128.0,1,349,3024,26,1
48.0,88.0,128.0,0,350,3023,154,1
64.0,88.0,128.0,0,351,3023,26,1
96.0,88.0,128.0,1,352,3023,26,1
112.0,96.0,128.0,1,353,3024,154,1
56.0,104.0,128.0,1,354,3024,154,1
64.0,104.0,128.0,1,355,3023,154,1
96.0,104.0,128.0,1,356,3023,154,1
112.0,144.0,128.0,1,357,3024,154,1
48.0,152.0,128.0,1,358,3024,154,1
64.0,152.0,128.0,0,359,3023,154,1
104.0,152.0,128.0,1,360,3024,26,1
64.0,40.0,131.20000000000002,1,361,3023,154,1
96.0,40.0,131.20000000000002,1,362,3024,154,1
56.0,48.0,131.20000000000002,1,363,3024,154,1
64.0,48.0,131.20000000000002,1,364,3005,154,1
72.0,48.0,131.20000000000002,0,365,3004,154,1
88.0,48.0,131.20000000000002,1,366,3024,154,1
96.0,48.0,131.20000000000002,1,367,3005,154,1
104.0,48.0,131.20000000000002,0,368,3004,154,1
56.0,56.0,131.20000000000002,0,369,3004,154,1
64.0,56.0,131.20000000000002,1,370,3024,26,1
88.0,56.0,131.20000000000002,1,371,3005,154,1
96.0,56.0,131.20000000000002,1,372,3024,26,1
112.0,56.0,131.20000000000002,1,373,3024,154,1
64.0,64.0,131.20000000000002,1,374,3004,154,1
88.0,64.0,131.20000000000002,1,375,3004,154,1
104.0,64.0,131.20000000000002,1,376,3024,26,1
112.0,64.0,131.20000000000002,1,377,3005,154,1
48.0,72.0,131.20000000000002,0,378,3003,154,1
64.0,72.0,131.20000000000002,0,379,3003,154,1
88.0,72.0,131.20000000000002,0,380,3003,154,1
104.0,72.0,131.20000000000002,1,381,3004,154,1
104.0,80.0,131.20000000000002,0,382,3003,154,1
48.0,88.0,131.20000000000002,0,383,3003,154,1
64.0,88.0,131.20000000000002,1,384,3005,26,1
72.0,88.0,131.20000000000002,0,385,3004,154,1
88.0,88.0,131.20000000000002,0,386,3004,154,1
96.0,88.0,131.20000000000002,1,387,3024,26,1
64.0,96.0,131.20000000000002,1,388,3024,26,1
96.0,96.0,131.20000000000002,0,389,3004,154,1
104.0,96.0,131.20000000000002,0,390,3003,154,1
56.0,104.0,131.20000000000002,1,391,3004,154,1
72.0,104.0,131.20000000000002,1,392,3024,154,1
48.0,144.0,131.20000000000002,1,393,3004,154,1
64.0,144.0,131.20000000000002,1,394,3004,154,1
96.0,144.0,131.20000000000002,0,395,3003,154,1
112.0,144.0,131.20000000000002,1,396,3005,154,1
48.0,152.0,131.20000000000002,0,397,3004,154,1
56.0,152.0,131.20000000000002,1,398,3024,154,1
64.0,152.0,131.20000000000002,1,399,3005,26,1
72.0,152.0,131.20000000000002,0,400,3004,154,1
112.0,152.0,131.20000000000002,0,401,3004,154,1
56.0,160.0,131.20000000000002,0,402,3003,154,1
96.0,160.0,131.20000000000002,0,403,3003,154,1
56.0,48.0,134.4,1,404,3024,154,1
88.0,48.0,134.4,1,405,3024,154,1
64.0,56.0,134.4,1,406,3024,154,1
96.0,56.0,134.4,1,407,3024,26,1
104.0,64.0,134.4,1,408,3024,154,1
96.0,88.0,134.4,1,409,3024,26,1
64.0,96.0,134.4,1,410,3024,154,1
72.0,104.0,134.4,1,411,3024,154,1
56.0,152.0,134.4,1,412,3024,26,1
64.0,56.0,137.6,1,413,3024,154,1
96.0,56.0,137.6,1,414,3024,154,1
104.0,64.0,137.6,1,415,3024,154,1
96.0,88.0,137.6,1,416,3024,154,1
64.0,96.0,137.6,1,417,3024,154,1
80.0,112.0,137.6,0,418,3022,2,1
80.0,128.0,137.6,0,419,3022,2,1
56.0,152.0,137.6,1,420,3024,26,1
64.0,56.0,140.8,1,421,3023,154,1
96.0,56.0,140.8,1,422,3023,154,1
56.0,64.0,140.8,0,423,3004,154,1
64.0,64.0,140.8,1,424,3004,154,1
88.0,64.0,140.8,0,425,3023,154,1
96.0,64.0,140.8,1,426,3005,154,1
104.0,64.0,140.8,0,427,3003,154,1
48.0,72.0,140.8,1,428,3005,154,1
64.0,72.0,140.8,0,429,3022,154,1
96.0,72.0,140.8,0,430,3710,154,1
48.0,80.0,140.8,0,431,3001,154,1
88.0,80.0,140.8,1,432,3024,154,1
104.0,80.0,140.8,0,433,3003,154,1
64.0,88.0,140.8,1,434,3023,154,1
64.0,96.0,140.8,0,435,3023,154,1
72.0,96.0,140.8,1,436,3024,37,1
80.0,96.0,140.8,0,437,3022,2,1
104.0,96.0,140.8,0,438,3003,154,1
72.0,104.0,140.8,1,439,3024,2,1
96.0,104.0,140.8,1,440,3024,25,1
72.0,112.0,140.8,0,441,3022,2,1
88.0,112.0,140.8,0,442,3022,2,1
72.0,128.0,140.8,1,443,3024,2,1
80.0,128.0,140.8,1,444,3005,26,1
88.0,128.0,140.8,0,445,3022,2,1
72.0,136.0,140.8,1,446,3023,2,1
48.0,144.0,140.8,0,447,3003,154,1
64.0,144.0,140.8,0,448,3023,154,1
72.0,144.0,140.8,1,449,3024,25,1
80.0,144.0,140.8,1,450,3023,2,1
96.0,144.0,140.8,0,451,3023,154,1
104.0,144.0,140.8,0,452,3003,154,1
72.0,152.0,140.8,0,453,3023,154,1
80.0,152.0,140.8,1,454,3024,2,1
88.0,152.0,140.8,1,455,3005,2,1
48.0,160.0,140.8,1,456,3005,154,1
56.0,160.0,140.8,1,457,3024,154,1
64.0,160.0,140.8,0,458,3004,154,1
96.0,160.0,140.8,0,459,3004,154,1
104.0,160.0,140.8,0,460,3003,154,1
56.0,168.0,140.8,1,461,3005,154,1
88.0,64.0,144.0,0,462,3023,154,1
64.0,72.0,144.0,0,463,3023,154,1
72.0,72.0,144.0,1,464,3024,154,1
96.0,72.0,144.0,0,465,3023,154,1
72.0,80.0,144.0,1,466,3024,192,1
80.0,80.0,144.0,1,467,3023,2,1
64.0,88.0,144.0,1,468,3024,192,1
72.0,88.0,144.0,0,469,3023,2,1
80.0,88.0,144.0,0,470,3022,2,1
96.0,88.0,144.0,0,471,3023,25,1
64.0,96.0,144.0,0,472,3023,25,1
72.0,104.0,144.0,0,473,3022,2,1
88.0,104.0,144.0,1,474,3023,37,1
64.0,112.0,144.0,0,475,3023,2,1
88.0,112.0,144.0,0,476,3022,2,1
72.0,120.0,144.0,0,477,3023,2,1
80.0,120.0,144.0,1,478,3024,26,1
64.0,128.0,144.0,1,479,3024,37,1
88.0,128.0,144.0,1,480,3023,37,1
56.0,136.0,144.0,1,481,3024,154,1
64.0,136.0,144.0,1,482,3024,25,1
72.0,136.0,144.0,0,483,3023,2,1
80.0,136.0,144.0,1,484,3024,26,1
88.0,136.0,144.0,0,485,3023,2,1
96.0,136.0,144.0,0,486,3023,25,1
104.0,136.0,144.0,1,487,3024,154,1
64.0,144.0,144.0,1,488,3024,192,1
80.0,144.0,144.0,0,489,3023,2,1
64.0,152.0,144.0,1,490,3024,154,1
72.0,152.0,144.0,1,491,3024,25,1
96.0,152.0,144.0,1,492,3024,154,1
56.0,160.0,144.0,1,493,3024,154,1
72.0,160.0,144.0,1,494,3024,154,1
80.0,160.0,144.0,1,495,3023,2,1
64.0,72.0,147.20000000000002,1,496,3024,154,1
72.0,72.0,147.20000000000002,1,497,3024,25,1
80.0,72.0,147.20000000000002,1,498,3023,2,1
96.0,72.0,147.20000000000002,0,499,3023,25,1
64.0,80.0,147.20000000000002,0,500,3023,25,1
72.0,80.0,147.20000000000002,0,501,3022,2,1
88.0,80.0,147.20000000000002,1,502,3024,2,1
88.0,88.0,147.20000000000002,0,503,3710,2,1
96.0,88.0,147.20000000000002,0,504,3023,37,1
64.0,96.0,147.20000000000002,0,505,3022,154,1
80.0,96.0,147.20000000000002,0,506,3023,26,1
96.0,104.0,147.20000000000002,1,507,3024,26,1
56.0,112.0,147.20000000000002,0,508,3023,154,1
64.0,112.0,147.20000000000002,0,509,3022,192,1
80.0,112.0,147.20000000000002,0,510,3023,26,1
96.0,112.0,147.20000000000002,0,511,3023,25,1
104.0,112.0,147.20000000000002,0,512,3023,154,1
88.0,120.0,147.20000000000002,1,513,3024,26,1
56.0,128.0,147.20000000000002,0,514,3022,154,1
72.0,128.0,147.20000000000002,1,515,3024,26,1
88.0,128.0,147.20000000000002,0,516,3022,192,1
104.0,128.0,147.20000000000002,0,517,3023,154,1
72.0,136.0,147.20000000000002,0,518,3022,37,1
64.0,144.0,147.20000000000002,0,519,3023,154,1
88.0,144.0,147.20000000000002,1,520,3024,26,1
96.0,144.0,147.20000000000002,0,521,3023,25,1
72.0,152.0,147.20000000000002,1,522,3023,2,1
56.0,160.0,147.20000000000002,1,523,3024,26,1
72.0,160.0,147.20000000000002,0,524,3022,2,1
88.0,160.0,147.20000000000002,0,525,3023,2,1
56.0,176.0,147.20000000000002,1,526,3023,154,1
104.0,176.0,147.20000000000002,1,527,3024,154,1
64.0,56.0,150.4,0,528,3023,154,1
96.0,56.0,150.4,1,529,3024,154,1
104.0,56.0,150.4,0,530,3004,154,1
56.0,64.0,150.4,1,531,3005,154,1
72.0,64.0,150.4,0,532,3022,2,1
88.0,64.0,150.4,0,533,3023,2,1
96.0,64.0,150.4,1,534,3024,25,1
112.0,64.0,150.4,0,535,3004,154,1
48.0,72.0,150.4,0,536,3004,154,1
56.0,72.0,150.4,1,537,3024,154,1
64.0,72.0,150.4,0,538,3004,26,1
96.0,72.0,150.4,1,539,3024,37,1
104.0,72.0,150.4,1,540,3005,26,1
56.0,80.0,150.4,1,541,3005,26,1
72.0,80.0,150.4,0,542,3003,26,1
88.0,88.0,150.4,1,543,3001,154,1
48.0,88.0,150.4,0,544,3003,154,1
64.0,88.0,150.4,0,545,3004,26,1
72.0,96.0,150.4,0,546,3003,26,1
88.0,96.0,150.4,1,547,3010,154,1
48.0,104.0,150.4,1,548,3005,154,1
56.0,104.0,150.4,1,549,3024,154,1
64.0,104.0,150.4,1,550,3005,26,1
88.0,104.0,150.4,0,551,3003,26,1
104.0,104.0,150.4,0,552,3023,154,1
112.0,104.0,150.4,1,553,3005,154,1
56.0,112.0,150.4,0,554,3003,154,1
72.0,112.0,150.4,0,555,3003,26,1
88.0,120.0,150.4,0,556,3003,26,1
104.0,120.0,150.4,0,557,3023,154,1
56.0,128.0,150.4,0,558,3004,154,1
64.0,128.0,150.4,1,559,3024,154,1
72.0,128.0,150.4,0,560,3003,26,1
64.0,136.0,150.4,1,561,3005,26,1
88.0,136.0,150.4,1,562,3004,26,1
104.0,136.0,150.4,1,563,3024,154,1
112.0,136.0,150.4,0,564,3004,154,1
48.0,144.0,150.4,0,565,3004,154,1
56.0,144.0,150.4,1,566,3024,154,1
64.0,144.0,150.4,1,567,3004,26,1
80.0,144.0,150.4,0,568,3003,26,1
96.0,144.0,150.4,1,569,3004,26,1
56.0,152.0,150.4,1,570,3005,26,1
64.0,152.0,150.4,0,571,3023,154,1
72.0,152.0,150.4,1,572,3024,25,1
96.0,152.0,150.4,0,573,3023,25,1
104.0,152.0,150.4,0,574,3003,154,1
48.0,160.0,150.4,0,575,3003,154,1
72.0,160.0,150.4,1,576,3024,2,1
80.0,160.0,150.4,1,577,3005,26,1
88.0,160.0,150.4,0,578,3023,2,1
64.0,168.0,150.4,1,579,3024,154,1
72.0,168.0,150.4,1,580,3005,2,1
80.0,168.0,150.4,1,581,3024,2,1
96.0,168.0,150.4,1,582,3023,154,1
112.0,168.0,150.4,1,583,3005,154,1
56.0,176.0,150.4,1,584,3004,154,1
80.0,176.0,150.4,1,585,3004,2,1
96.0,176.0,150.4,1,586,3024,154,1
104.0,176.0,150.4,1,587,3005,154,1
56.0,56.0,153.60000000000002,1,588,3024,154,1
64.0,56.0,153.60000000000002,1,589,3024,192,1
72.0,56.0,153.60000000000002,0,590,3023,2,1
80.0,56.0,153.60000000000002,0,591,3022,2,1
96.0,56.0,153.60000000000002,0,592,3023,25,1
64.0,64.0,153.60000000000002,1,593,3024,25,1
56.0,72.0,153.60000000000002,1,594,3024,154,1
72.0,72.0,153.60000000000002,1,595,3023,26,1
88.0,72.0,153.60000000000002,1,596,3023,26,1
56.0,104.0,153.60000000000002,1,597,3024,154,1
104.0,104.0,153.60000000000002,1,598,3024,26,1
104.0,112.0,153.60000000000002,0,599,3022,154,1
64.0,128.0,153.60000000000002,1,600,3024,26,1
104.0,128.0,153.60000000000002,1,601,3023,154,1
104.0,136.0,153.60000000000002,1,602,3024,154,1
56.0,144.0,153.60000000000002,1,603,3024,154,1
64.0,152.0,153.60000000000002,0,604,3023,154,1
72.0,152.0,153.60000000000002,0,605,3023,37,1
96.0,152.0,153.60000000000002,0,606,3023,25,1
88.0,160.0,153.60000000000002,0,607,3023,2,1
64.0,168.0,153.60000000000002,1,608,3024,154,1
80.0,168.0,153.60000000000002,1,609,3024,26,1
96.0,168.0,153.60000000000002,1,610,3024,25,1
104.0,168.0,153.60000000000002,1,611,3024,154,1
72.0,176.0,153.60000000000002,1,612,3024,2,1
96.0,176.0,153.60000000000002,1,613,3024,154,1
112.0,176.0,153.60000000000002,1,614,3024,154,1
56.0,56.0,156.8,1,615,3024,154,1
64.0,56.0,156.8,0,616,3023,192,1
72.0,56.0,156.8,0,617,3023,2,1
80.0,56.0,156.8,0,618,3022,2,1
96.0,56.0,156.8,0,619,3023,25,1
48.0,64.0,156.8,1,620,3024,154,1
56.0,72.0,156.8,1,621,3024,26,1
72.0,72.0,156.8,1,622,3023,26,1
88.0,72.0,156.8,1,623,3023,26,1
56.0,104.0,156.8,1,624,3024,26,1
104.0,104.0,156.8,1,625,3024,26,1
48.0,112.0,156.8,0,626,3023,154,1
104.0,112.0,156.8,1,627,3023,154,1
104.0,120.0,156.8,0,628,3022,154,1
48.0,128.0,156.8,0,629,3023,154,1
64.0,128.0,156.8,1,630,3024,26,1
104.0,136.0,156.8,1,631,3024,26,1
56.0,144.0,156.8,1,632,3024,26,1
64.0,152.0,156.8,1,633,3023,26,1
96.0,152.0,156.8,1,634,3024,26,1
64.0,160.0,156.8,0,635,3023,25,1
72.0,160.0,156.8,1,636,3024,26,1
88.0,160.0,156.8,1,637,3023,26,1
80.0,168.0,156.8,1,638,3023,26,1
96.0,168.0,156.8,0,639,3023,25,1
104.0,168.0,156.8,1,640,3024,26,1
72.0,176.0,156.8,0,641,3023,2,1
112.0,176.0,156.8,1,642,3024,154,1
80.0,184.0,156.8,1,643,3023,2,1
56.0,56.0,160.0,1,644,3004,154,1
72.0,56.0,160.0,0,645,3010,37,1
80.0,56.0,160.0,0,646,3001,2,1
96.0,56.0,160.0,1,647,3024,25,1
104.0,56.0,160.0,1,648,3005,154,1
48.0,64.0,160.0,1,649,3004,154,1
64.0,64.0,160.0,0,650,3004,26,1
96.0,64.0,160.0,0,651,3001,154,1
112.0,64.0,160.0,0,652,3004,154,1
48.0,72.0,160.0,0,653,3003,154,1
64.0,80.0,160.0,0,654,3004,26,1
112.0,80.0,160.0,0,655,3004,154,1
48.0,88.0,160.0,0,656,3003,154,1
72.0,88.0,160.0,0,657,3003,26,1
88.0,88.0,160.0,0,658,3004,26,1
120.0,88.0,160.0,1,659,3005,154,1
64.0,96.0,160.0,0,660,3004,26,1
96.0,96.0,160.0,0,661,3003,26,1
112.0,96.0,160.0,1,662,3024,154,1
120.0,96.0,160.0,0,663,3004,154,1
48.0,104.0,160.0,0,664,3003,154,1
72.0,104.0,160.0,0,665,3003,26,1
88.0,104.0,160.0,0,666,3004,26,1
112.0,104.0,160.0,0,667,3023,154,1
64.0,112.0,160.0,0,668,3004,26,1
96.0,112.0,160.0,1,669,3004,26,1
48.0,120.0,160.0,0,670,3003,154,1
72.0,120.0,160.0,0,671,3003,26,1
88.0,128.0,160.0,1,672,3001,154,1
64.0,128.0,160.0,0,673,3004,26,1
48.0,136.0,160.0,0,674,3003,154,1
72.0,136.0,160.0,0,675,3003,26,1
88.0,144.0,160.0,1,676,3001,154,1
64.0,144.0,160.0,0,677,3004,26,1
48.0,152.0,160.0,0,678,3003,154,1
72.0,152.0,160.0,0,679,3003,26,1
88.0,152.0,160.0,1,680,3004,26,1
104.0,152.0,160.0,1,681,3005,26,1
112.0,152.0,160.0,1,682,3024,154,1
120.0,152.0,160.0,1,683,3005,154,1
64.0,160.0,160.0,0,684,3004,26,1
88.0,160.0,160.0,1,685,3010,154,1
48.0,168.0,160.0,0,686,3003,154,1
72.0,168.0,160.0,1,687,3004,26,1
88.0,168.0,160.0,1,688,3005,26,1
96.0,168.0,160.0,1,689,3024,154,1
104.0,168.0,160.0,0,690,3003,154,1
64.0,176.0,160.0,1,691,3024,25,1
72.0,176.0,160.0,1,692,3024,2,1
80.0,176.0,160.0,1,693,3005,26,1
88.0,176.0,160.0,1,694,3024,2,1
96.0,176.0,160.0,1,695,3024,25,1
72.0,184.0,160.0,1,696,3004,2,1
88.0,184.0,160.0,1,697,3005,2,1
96.0,184.0,160.0,1,698,3024,2,1
96.0,56.0,163.20000000000002,1,699,3024,25,1
112.0,96.0,163.20000000000002,1,700,3024,26,1
112.0,104.0,163.20000000000002,0,701,3023,154,1
120.0,112.0,163.20000000000002,0,702,3023,154,1
120.0,144.0,163.20000000000002,1,703,3024,154,1
112.0,152.0,163.20000000000002,1,704,3024,26,1
120.0,160.0,163.20000000000002,1,705,3024,154,1
96.0,168.0,163.20000000000002,1,706,3024,26,1
64.0,176.0,163.20000000000002,0,707,3023,25,1
72.0,176.0,163.20000000000002,1,708,3024,2,1
88.0,176.0,163.20000000000002,1,709,3023,25,1
56.0,184.0,163.20000000000002,1,710,3024,154,1
96.0,184.0,163.20000000000002,1,711,3024,2,1
104.0,184.0,163.20000000000002,1,712,3024,154,1
96.0,56.0,166.4,1,713,3024,192,1
112.0,96.0,166.4,1,714,3024,26,1
112.0,104.0,166.4,0,715,3023,26,1
120.0,112.0,166.4,0,716,3023,154,1
120.0,128.0,166.4,1,717,3024,154,1
120.0,144.0,166.4,1,718,3024,154,1
112.0,152.0,166.4,1,719,3024,26,1
120.0,160.0,166.4,1,720,3024,154,1
96.0,168.0,166.4,0,721,3023,154,1
64.0,176.0,166.4,1,722,3023,154,1
88.0,176.0,166.4,1,723,3024,26,1
56.0,184.0,166.4,1,724,3024,154,1
64.0,184.0,166.4,1,725,3024,25,1
96.0,184.0,166.4,1,726,3024,37,1
104.0,184.0,166.4,1,727,3024,154,1
72.0,192.0,166.4,1,728,3024,2,1
80.0,192.0,166.4,1,729,3023,2,1
56.0,56.0,169.60000000000002,1,730,3004,154,1
72.0,56.0,169.60000000000002,1,731,3024,37,1
80.0,56.0,169.60000000000002,1,732,3005,2,1
88.0,56.0,169.60000000000002,0,733,3010,2,1
96.0,56.0,169.60000000000002,1,734,3024,192,1
104.0,56.0,169.60000000000002,1,735,3005,154,1
48.0,64.0,169.60000000000002,1,736,3024,154,1
56.0,64.0,169.60000000000002,1,737,3010,154,1
96.0,64.0,169.60000000000002,0,738,3004,26,1
104.0,64.0,169.60000000000002,0,739,3003,154,1
48.0,72.0,169.60000000000002,1,740,3005,154,1
56.0,72.0,169.60000000000002,1,741,3024,26,1
64.0,72.0,169.60000000000002,1,742,3004,26,1
80.0,72.0,169.60000000000002,0,743,3004,26,1
48.0,80.0,169.60000000000002,1,744,3010,154,1
96.0,80.0,169.60000000000002,0,745,3004,26,1
104.0,80.0,169.60000000000002,0,746,3003,154,1
48.0,96.0,169.60000000000002,1,747,3001,154,1
80.0,88.0,169.60000000000002,0,748,3003,26,1
120.0,88.0,169.60000000000002,1,749,3024,154,1
96.0,96.0,169.60000000000002,0,750,3003,26,1
112.0,96.0,169.60000000000002,1,751,3024,26,1
120.0,96.0,169.60000000000002,1,752,3005,154,1
48.0,112.0,169.60000000000002,1,753,3001,154,1
80.0,104.0,169.60000000000002,0,754,3003,26,1
112.0,104.0,169.60000000000002,0,755,3003,154,1
96.0,112.0,169.60000000000002,0,756,3003,26,1
48.0,128.0,169.60000000000002,1,757,3001,154,1
80.0,120.0,169.60000000000002,0,758,3003,26,1
112.0,120.0,169.60000000000002,1,759,3005,26,1
120.0,120.0,169.60000000000002,0,760,3004,154,1
96.0,128.0,169.60000000000002,0,761,3004,26,1
104.0,128.0,169.60000000000002,1,762,3005,26,1
112.0,128.0,169.60000000000002,1,763,3024,26,1
48.0,144.0,169.60000000000002,1,764,3001,154,1
80.0,136.0,169.60000000000002,0,765,3003,26,1
104.0,136.0,169.60000000000002,0,766,3003,154,1
120.0,136.0,169.60000000000002,0,767,3023,154,1
96.0,144.0,169.60000000000002,0,768,3004,26,1
48.0,160.0,169.60000000000002,1,769,3001,154,1
80.0,152.0,169.60000000000002,0,770,3003,26,1
104.0,152.0,169.60000000000002,1,771,3005,26,1
112.0,152.0,169.60000000000002,1,772,3024,26,1
120.0,152.0,169.60000000000002,0,773,3004,154,1
96.0,160.0,169.60000000000002,0,774,3004,26,1
104.0,160.0,169.60000000000002,0,775,3003,154,1
48.0,168.0,169.60000000000002,0,776,3004,154,1
56.0,168.0,169.60000000000002,1,777,3004,26,1
72.0,168.0,169.60000000000002,0,778,3003,26,1
88.0,168.0,169.60000000000002,0,779,3004,26,1
56.0,176.0,169.60000000000002,1,780,3024,154,1
64.0,176.0,169.60000000000002,0,781,3004,25,1
96.0,176.0,169.60000000000002,0,782,3004,2,1
104.0,176.0,169.60000000000002,1,783,3005,26,1
112.0,176.0,169.60000000000002,0,784,3004,154,1
56.0,184.0,169.60000000000002,1,785,3005,154,1
72.0,184.0,169.60000000000002,1,786,3024,2,1
80.0,184.0,169.60000000000002,1,787,3005,26,1
88.0,184.0,169.60000000000002,1,788,3024,2,1
104.0,184.0,169.60000000000002,1,789,3024,154,1
72.0,192.0,169.60000000000002,1,790,3004,2,1
88.0,192.0,169.60000000000002,1,791,3004,2,1
72.0,56.0,172.8,1,792,3024,25,1
96.0,56.0,172.8,1,793,3024,192,1
48.0,64.0,172.8,1,794,3024,154,1
56.0,72.0,172.8,1,795,3024,26,1
112.0,96.0,172.8,1,796,3024,154,1
112.0,128.0,172.8,1,797,3024,26,1
120.0,136.0,172.8,1,798,3024,154,1
112.0,152.0,172.8,1,799,3024,154,1
56.0,176.0,172.8,1,800,3024,154,1
72.0,184.0,172.8,1,801,3024,26,1
88.0,184.0,172.8,1,802,3024,26,1
104.0,184.0,172.8,1,803,3024,25,1
64.0,192.0,172.8,1,804,3024,2,1
80.0,48.0,176.0,1,805,3024,2,1
72.0,56.0,176.0,1,806,3024,25,1
96.0,56.0,176.0,1,807,3024,154,1
56.0,72.0,176.0,1,808,3024,154,1
112.0,96.0,176.0,1,809,3024,154,1
112.0,128.0,176.0,1,810,3024,154,1
112.0,152.0,176.0,1,811,3024,154,1
56.0,176.0,176.0,1,812,3024,26,1
48.0,184.0,176.0,1,813,3024,154,1
72.0,184.0,176.0,1,814,3024,26,1
88.0,184.0,176.0,1,815,3024,26,1
104.0,184.0,176.0,1,816,3024,192,1
64.0,192.0,176.0,1,817,3024,2,1
104.0,192.0,176.0,1,818,3024,25,1
72.0,48.0,179.20000000000002,1,819,3024,2,1
80.0,48.0,179.20000000000002,0,820,3004,2,1
88.0,48.0,179.20000000000002,1,821,3024,2,1
56.0,56.0,179.20000000000002,0,822,3003,154,1
72.0,56.0,179.20000000000002,1,823,3024,25,1
88.0,56.0,179.20000000000002,1,824,3024,25,1
96.0,56.0,179.20000000000002,1,825,3004,154,1
72.0,64.0,179.20000000000002,1,826,3005,26,1
80.0,64.0,179.20000000000002,1,827,3004,26,1
96.0,64.0,179.20000000000002,0,828,3004,26,1
104.0,64.0,179.20000000000002,0,829,3003,154,1
48.0,72.0,179.20000000000002,0,830,3004,154,1
56.0,72.0,179.20000000000002,1,831,3010,154,1
88.0,72.0,179.20000000000002,0,832,3004,26,1
56.0,80.0,179.20000000000002,1,833,3024,26,1
64.0,80.0,179.20000000000002,1,834,3004,26,1
80.0,80.0,179.20000000000002,0,835,3004,26,1
96.0,80.0,179.20000000000002,0,836,3004,26,1
104.0,80.0,179.20000000000002,0,837,3003,154,1
48.0,96.0,179.20000000000002,1,838,3001,154,1
88.0,88.0,179.20000000000002,0,839,3004,26,1
80.0,96.0,179.20000000000002,0,840,3004,26,1
96.0,96.0,179.20000000000002,0,841,3004,26,1
104.0,96.0,179.20000000000002,0,842,3003,154,1
48.0,112.0,179.20000000000002,1,843,3001,154,1
88.0,104.0,179.20000000000002,0,844,3004,26,1
120.0,104.0,179.20000000000002,0,845,3023,154,1
80.0,112.0,179.20000000000002,0,846,3004,26,1
96.0,112.0,179.20000000000002,1,847,3004,26,1
112.0,112.0,179.20000000000002,1,848,3024,26,1
48.0,128.0,179.20000000000002,1,849,3001,154,1
88.0,120.0,179.20000000000002,0,850,3003,26,1
104.0,120.0,179.20000000000002,0,851,3003,154,1
120.0,120.0,179.20000000000002,1,852,3024,154,1
80.0,128.0,179.20000000000002,0,853,3004,26,1
48.0,144.0,179.20000000000002,1,854,3001,154,1
88.0,136.0,179.20000000000002,0,855,3003,26,1
104.0,136.0,179.20000000000002,0,856,3003,154,1
80.0,144.0,179.20000000000002,0,857,3004,26,1
48.0,152.0,179.20000000000002,1,858,3010,154,1
88.0,152.0,179.20000000000002,0,859,3003,26,1
104.0,152.0,179.20000000000002,0,860,3003,154,1
48.0,160.0,179.20000000000002,0,861,3001,154,1
64.0,160.0,179.20000000000002,1,862,3005,26,1
72.0,160.0,179.20000000000002,1,863,3004,26,1
64.0,168.0,179.20000000000002,0,864,3010,25,1
72.0,168.0,179.20000000000002,0,865,3001,2,1
88.0,168.0,179.20000000000002,0,866,3001,2,1
104.0,168.0,179.20000000000002,0,867,3003,154,1
104.0,184.0,179.20000000000002,1,868,3004,154,1
104.0,192.0,179.20000000000002,1,869,3024,25,1
72.0,48.0,182.4,1,870,3024,2,1
88.0,48.0,182.4,1,871,3024,2,1
72.0,56.0,182.4,1,872,3024,25,1
88.0,56.0,182.4,1,873,3024,25,1
56.0,80.0,182.4,1,874,3024,26,1
120.0,104.0,182.4,1,875,3024,154,1
112.0,112.0,182.4,1,876,3023,154,1
56.0,192.0,182.4,1,877,3024,154,1
104.0,192.0,182.4,1,878,3024,192,1
80.0,16.0,185.60000000000002,1,879,3024,2,1
72.0,24.0,185.60000000000002,0,880,3022,2,1
88.0,24.0,185.60000000000002,0,881,3023,2,1
72.0,40.0,185.60000000000002,1,882,3024,37,1
80.0,40.0,185.60000000000002,1,883,3023,2,1
72.0,48.0,185.60000000000002,1,884,3024,25,1
88.0,48.0,185.60000000000002,1,885,3024,37,1
72.0,56.0,185.60000000000002,1,886,3024,154,1
88.0,56.0,185.60000000000002,1,887,3024,154,1
56.0,80.0,185.60000000000002,1,888,3024,154,1
112.0,112.0,185.60000000000002,1,889,3024,154,1
56.0,192.0,185.60000000000002,1,890,3024,154,1
104.0,192.0,185.60000000000002,1,891,3024,154,1
80.0,8.0,188.8,0,892,3023,2,1
72.0,16.0,188.8,0,893,3023,25,1
88.0,16.0,188.8,1,894,3024,2,1
80.0,24.0,188.8,1,895,3024,2,1
88.0,24.0,188.8,1,896,3024,25,1
72.0,32.0,188.8,0,897,3003,154,1
88.0,32.0,188.8,1,898,3024,192,1
88.0,40.0,188.8,0,899,3004,154,1
72.0,48.0,188.8,0,900,3003,154,1
64.0,56.0,188.8,1,901,3024,154,1
88.0,56.0,188.8,1,902,3004,154,1
104.0,56.0,188.8,1,903,3024,154,1
56.0,64.0,188.8,1,904,3004,154,1
72.0,64.0,188.8,1,905,3024,26,1
80.0,64.0,188.8,0,906,3003,26,1
96.0,64.0,188.8,0,907,3023,26,1
104.0,64.0,188.8,0,908,3004,154,1
56.0,72.0,188.8,0,909,3004,154,1
64.0,72.0,188.8,1,910,3024,26,1
72.0,72.0,188.8,1,911,3005,26,1
112.0,72.0,188.8,0,912,3023,154,1
48.0,80.0,188.8,0,913,3023,154,1
64.0,80.0,188.8,1,914,3005,26,1
72.0,80.0,188.8,0,915,3003,26,1
88.0,80.0,188.8,0,916,3003,26,1
104.0,80.0,188.8,0,917,3023,26,1
56.0,88.0,188.8,1,918,3004,154,1
112.0,88.0,188.8,0,919,3004,154,1
48.0,96.0,188.8,0,920,3004,154,1
56.0,96.0,188.8,0,921,3023,26,1
64.0,96.0,188.8,1,922,3004,26,1
80.0,96.0,188.8,1,923,3004,26,1
96.0,96.0,188.8,1,924,3004,26,1
64.0,104.0,188.8,0,925,3004,26,1
72.0,104.0,188.8,0,926,3003,26,1
88.0,112.0,188.8,1,927,3001,154,1
48.0,112.0,188.8,0,928,3004,154,1
56.0,112.0,188.8,0,929,3023,26,1
64.0,120.0,188.8,0,930,3004,26,1
72.0,120.0,188.8,0,931,3003,26,1
88.0,120.0,188.8,0,932,3003,26,1
104.0,120.0,188.8,0,933,3023,26,1
112.0,120.0,188.8,0,934,3004,154,1
48.0,128.0,188.8,1,935,3023,154,1
48.0,136.0,188.8,0,936,3023,154,1
56.0,136.0,188.8,0,937,3003,154,1
72.0,136.0,188.8,0,938,3003,26,1
88.0,136.0,188.8,0,939,3003,26,1
104.0,136.0,188.8,0,940,3023,26,1
112.0,136.0,188.8,0,941,3004,154,1
48.0,152.0,188.8,0,942,3023,154,1
56.0,152.0,188.8,1,943,3005,154,1
64.0,152.0,188.8,1,944,3024,26,1
72.0,152.0,188.8,0,945,3003,26,1
88.0,152.0,188.8,0,946,3003,26,1
104.0,152.0,188.8,0,947,3023,26,1
112.0,152.0,188.8,0,948,3004,154,1
56.0,160.0,188.8,0,949,3023,26,1
64.0,160.0,188.8,0,950,3004,26,1
48.0,168.0,188.8,0,951,3004,154,1
72.0,168.0,188.8,0,952,3010,2,1
80.0,168.0,188.8,0,953,3004,26,1
88.0,176.0,188.8,1,954,3001,154,1
56.0,176.0,188.8,1,955,3024,26,1
64.0,176.0,188.8,0,956,3004,26,1
48.0,184.0,188.8,1,957,3004,154,1
80.0,184.0,188.8,1,958,3010,154,1
112.0,184.0,188.8,1,959,3005,154,1
56.0,192.0,188.8,1,960,3005,154,1
64.0,192.0,188.8,1,961,3024,25,1
80.0,192.0,188.8,1,962,3004,2,1
96.0,192.0,188.8,1,963,3005,25,1
104.0,192.0,188.8,1,964,3005,154,1
80.0,8.0,192.0,1,965,3023,25,1
72.0,16.0,192.0,1,966,3024,192,1
80.0,16.0,192.0,0,967,3023,2,1
88.0,16.0,192.0,1,968,3024,192,1
72.0,24.0,192.0,1,969,3024,154,1
88.0,24.0,192.0,0,970,3023,154,1
64.0,56.0,192.0,1,971,3024,154,1
72.0,64.0,192.0,1,972,3024,26,1
96.0,64.0,192.0,0,973,3023,154,1
64.0,72.0,192.0,1,974,3024,26,1
112.0,72.0,192.0,0,975,3023,154,1
104.0,80.0,192.0,0,976,3023,154,1
48.0,88.0,192.0,1,977,3024,154,1
56.0,96.0,192.0,0,978,3023,154,1
56.0,112.0,192.0,1,979,3024,26,1
56.0,120.0,192.0,0,980,3023,154,1
104.0,120.0,192.0,0,981,3023,26,1
48.0,128.0,192.0,0,982,3023,154,1
104.0,136.0,192.0,0,983,3023,26,1
64.0,152.0,192.0,1,984,3024,26,1
104.0,152.0,192.0,0,985,3023,26,1
48.0,160.0,192.0,1,986,3024,154,1
56.0,160.0,192.0,0,987,3023,154,1
56.0,176.0,192.0,1,988,3024,26,1
64.0,192.0,192.0,1,989,3024,192,1
80.0,0.0,195.20000000000002,1,990,3023,154,1
72.0,8.0,195.20000000000002,1,991,3023,154,1
88.0,8.0,195.20000000000002,0,992,3023,154,1
72.0,16.0,195.20000000000002,0,993,3022,154,1
88.0,24.0,195.20000000000002,0,994,3023,154,1
72.0,64.0,195.20000000000002,1,995,3024,154,1
96.0,64.0,195.20000000000002,0,996,3023,154,1
64.0,72.0,195.20000000000002,1,997,3024,154,1
104.0,80.0,195.20000000000002,0,998,3023,154,1
56.0,96.0,195.20000000000002,1,999,3024,154,1
56.0,104.0,195.20000000000002,0,1000,3023,154,1
56.0,120.0,195.20000000000002,0,1001,3023,154,1
104.0,120.0,195.20000000000002,0,1002,3023,154,1
104.0,136.0,195.20000000000002,0,1003,3023,154,1
64.0,152.0,195.20000000000002,1,1004,3024,154,1
104.0,152.0,195.20000000000002,0,1005,3023,154,1
56.0,160.0,195.20000000000002,1,1006,3024,154,1
56.0,168.0,195.20000000000002,0,1007,3023,154,1
64.0,192.0,195.20000000000002,1,1008,3024,154,1
80.0,0.0,198.4,1,1009,3023,154,1
72.0,8.0,198.4,0,1010,3022,154,1
88.0,8.0,198.4,1,1011,3024,154,1
88.0,16.0,198.4,0,1012,3023,154,1
72.0,24.0,198.4,0,1013,3022,154,1
88.0,32.0,198.4,0,1014,3023,154,1
72.0,40.0,198.4,0,1015,3022,154,1
88.0,48.0,198.4,0,1016,3710,154,1
72.0,56.0,198.4,0,1017,3022,154,1
64.0,64.0,198.4,0,1018,3023,154,1
96.0,64.0,198.4,1,1019,3024,154,1
56.0,72.0,198.4,0,1020,3023,154,1
72.0,72.0,198.4,1,1021,3005,154,1
80.0,72.0,198.4,0,1022,3023,26,1
96.0,72.0,198.4,0,1023,3004,154,1
104.0,72.0,198.4,0,1024,3023,154,1
64.0,80.0,198.4,1,1025,3005,154,1
72.0,80.0,198.4,0,1026,3023,26,1
88.0,80.0,198.4,0,1027,3023,26,1
56.0,88.0,198.4,0,1028,3022,154,1
80.0,88.0,198.4,0,1029,3004,26,1
96.0,88.0,198.4,0,1030,3023,26,1
104.0,88.0,198.4,0,1031,3004,154,1
72.0,96.0,198.4,0,1032,3004,26,1
88.0,96.0,198.4,0,1033,3004,26,1
112.0,96.0,198.4,0,1034,3023,154,1
56.0,104.0,198.4,0,1035,3022,154,1
80.0,104.0,198.4,0,1036,3004,26,1
96.0,104.0,198.4,0,1037,3023,26,1
104.0,104.0,198.4,0,1038,3004,154,1
72.0,112.0,198.4,0,1039,3023,26,1
88.0,112.0,198.4,0,1040,3023,26,1
112.0,112.0,198.4,0,1041,3023,154,1
56.0,120.0,198.4,0,1042,3022,154,1
80.0,120.0,198.4,0,1043,3023,26,1
96.0,120.0,198.4,1,1044,3024,26,1
104.0,120.0,198.4,0,1045,3023,154,1
72.0,128.0,198.4,1,1046,3024,26,1
88.0,128.0,198.4,1,1047,3024,26,1
96.0,128.0,198.4,1,1048,3005,154,1
56.0,136.0,198.4,0,1049,3022,154,1
72.0,136.0,198.4,0,1050,3022,154,1
88.0,136.0,198.4,0,1051,3022,154,1
104.0,136.0,198.4,0,1052,3023,154,1
64.0,152.0,198.4,1,1053,3024,154,1
72.0,152.0,198.4,1,1054,3005,154,1
80.0,152.0,198.4,0,1055,3023,26,1
88.0,152.0,198.4,1,1056,3005,154,1
96.0,152.0,198.4,1,1057,3023,154,1
56.0,160.0,198.4,1,1058,3024,154,1
64.0,160.0,198.4,1,1059,3005,154,1
72.0,160.0,198.4,1,1060,3024,26,1
88.0,160.0,198.4,1,1061,3024,26,1
96.0,160.0,198.4,1,1062,3005,154,1
104.0,160.0,198.4,1,1063,3024,154,1
56.0,168.0,198.4,1,1064,3005,154,1
64.0,168.0,198.4,1,1065,3024,26,1
72.0,168.0,198.4,0,1066,3003,26,1
88.0,168.0,198.4,0,1067,3004,26,1
96.0,168.0,198.4,1,1068,3024,26,1
104.0,168.0,198.4,1,1069,3005,154,1
112.0,168.0,198.4,1,1070,3024,154,1
56.0,176.0,198.4,0,1071,3003,154,1
96.0,176.0,198.4,1,1072,3005,26,1
104.0,176.0,198.4,1,1073,3024,26,1
112.0,176.0,198.4,0,1074,3023,154,1
72.0,184.0,198.4,0,1075,3004,37,1
80.0,184.0,198.4,1,1076,3005,26,1
88.0,184.0,198.4,0,1077,3004,2,1
96.0,184.0,198.4,0,1078,3023,25,1
104.0,184.0,198.4,1,1079,3005,154,1
64.0,192.0,198.4,1,1080,3005,154,1
80.0,192.0,198.4,1,1081,3024,2,1
104.0,192.0,198.4,1,1082,3024,154,1
80.0,200.0,198.4,1,1083,3005,2,1
80.0,0.0,201.60000000000002,0,1084,3023,154,1
88.0,8.0,201.60000000000002,0,1085,3023,154,1
72.0,16.0,201.60000000000002,0,1086,3022,154,1
88.0,24.0,201.60000000000002,0,1087,3023,154,1
72.0,32.0,201.60000000000002,0,1088,3022,154,1
88.0,40.0,201.60000000000002,0,1089,3023,154,1
80.0,48.0,201.60000000000002,1,1090,3024,154,1
72.0,64.0,201.60000000000002,1,1091,3023,154,1
88.0,64.0,201.60000000000002,0,1092,3023,154,1
64.0,72.0,201.60000000000002,1,1093,3024,154,1
80.0,72.0,201.60000000000002,0,1094,3023,154,1
72.0,80.0,201.60000000000002,0,1095,3023,26,1
88.0,80.0,201.60000000000002,1,1096,3024,26,1
104.0,80.0,201.60000000000002,1,1097,3024,154,1
56.0,88.0,201.60000000000002,0,1098,3022,154,1
88.0,88.0,201.60000000000002,1,1099,3023,154,1
96.0,96.0,201.60000000000002,0,1100,3023,26,1
56.0,104.0,201.60000000000002,0,1101,3022,154,1
72.0,112.0,201.60000000000002,1,1102,3024,26,1
88.0,112.0,201.60000000000002,1,1103,3023,26,1
56.0,120.0,201.60000000000002,1,1104,3023,154,1
72.0,120.0,201.60000000000002,1,1105,3710,154,1
104.0,120.0,201.60000000000002,0,1106,3023,154,1
64.0,128.0,201.60000000000002,0,1107,3022,154,1
80.0,128.0,201.60000000000002,0,1108,3022,154,1
96.0,136.0,201.60000000000002,0,1109,3023,154,1
72.0,144.0,201.60000000000002,1,1110,3023,154,1
88.0,144.0,201.60000000000002,1,1111,3024,154,1
64.0,152.0,201.60000000000002,1,1112,3024,154,1
80.0,152.0,201.60000000000002,0,1113,3023,154,1
96.0,152.0,201.60000000000002,1,1114,3024,154,1
56.0,160.0,201.60000000000002,1,1115,3024,154,1
72.0,160.0,201.60000000000002,1,1116,3024,154,1
88.0,160.0,201.60000000000002,1,1117,3024,154,1
104.0,160.0,201.60000000000002,1,1118,3024,154,1
64.0,168.0,201.60000000000002,1,1119,3024,154,1
96.0,168.0,201.60000000000002,1,1120,3024,26,1
104.0,176.0,201.60000000000002,1,1121,3023,154,1
96.0,184.0,201.60000000000002,0,1122,3023,192,1
80.0,192.0,201.60000000000002,1,1123,3024,2,1
104.0,192.0,201.60000000000002,1,1124,3024,154,1
72.0,200.0,201.60000000000002,1,1125,3024,2,1
88.0,200.0,201.60000000000002,1,1126,3024,2,1
80.0,24.0,204.8,0,1127,3023,154,1
80.0,72.0,204.8,0,1128,3022,154,1
72.0,80.0,204.8,0,1129,3023,154,1
64.0,88.0,204.8,0,1130,3023,154,1
88.0,88.0,204.8,1,1131,3024,154,1
96.0,88.0,204.8,0,1132,3023,154,1
64.0,104.0,204.8,1,1133,3024,154,1
96.0,104.0,204.8,0,1134,3023,154,1
64.0,112.0,204.8,1,1135,3023,154,1
88.0,112.0,204.8,1,1136,3024,154,1
64.0,120.0,204.8,1,1137,3024,154,1
72.0,120.0,204.8,1,1138,3023,154,1
88.0,120.0,204.8,1,1139,3023,154,1
72.0,128.0,204.8,1,1140,3024,154,1
80.0,128.0,204.8,1,1141,3023,154,1
80.0,152.0,204.8,1,1142,3024,154,1
72.0,160.0,204.8,1,1143,3024,154,1
80.0,160.0,204.8,1,1144,3023,154,1
64.0,168.0,204.8,1,1145,3024,154,1
96.0,168.0,204.8,1,1146,3024,154,1
104.0,176.0,204.8,1,1147,3024,154,1
96.0,184.0,204.8,1,1148,3024,154,1
80.0,192.0,204.8,1,1149,3024,26,1
96.0,192.0,204.8,1,1150,3024,25,1
72.0,200.0,204.8,1,1151,3024,2,1
88.0,200.0,204.8,1,1152,3024,2,1
72.0,80.0,208.0,0,1153,3023,154,1
80.0,80.0,208.0,0,1154,3022,154,1
96.0,88.0,208.0,0,1155,3023,154,1
64.0,96.0,208.0,0,1156,3022,154,1
80.0,96.0,208.0,0,1157,3022,154,1
96.0,104.0,208.0,0,1158,3023,154,1
72.0,112.0,208.0,0,1159,3023,154,1
80.0,112.0,208.0,0,1160,3022,154,1
64.0,160.0,208.0,1,1161,3024,154,1
72.0,160.0,208.0,1,1162,3005,154,1
80.0,160.0,208.0,1,1163,3004,154,1
96.0,160.0,208.0,1,1164,3024,154,1
64.0,168.0,208.0,1,1165,3005,154,1
72.0,168.0,208.0,1,1166,3024,26,1
80.0,168.0,208.0,1,1167,3005,26,1
88.0,168.0,208.0,1,1168,3024,26,1
96.0,168.0,208.0,1,1169,3005,154,1
104.0,168.0,208.0,1,1170,3024,154,1
56.0,176.0,208.0,0,1171,3023,154,1
64.0,176.0,208.0,1,1172,3010,154,1
96.0,176.0,208.0,1,1173,3024,26,1
104.0,176.0,208.0,1,1174,3005,154,1
64.0,184.0,208.0,0,1175,3004,154,1
72.0,184.0,208.0,0,1176,3003,25,1
88.0,184.0,208.0,1,1177,3005,26,1
96.0,184.0,208.0,1,1178,3004,154,1
88.0,192.0,208.0,1,1179,3024,2,1
96.0,192.0,208.0,1,1180,3024,25,1
72.0,200.0,208.0,1,1181,3005,2,1
80.0,200.0,208.0,1,1182,3004,2,1
96.0,160.0,211.20000000000002,1,1183,3024,154,1
72.0,168.0,211.20000000000002,1,1184,3024,154,1
88.0,168.0,211.20000000000002,1,1185,3024,26,1
96.0,176.0,211.20000000000002,1,1186,3024,154,1
88.0,192.0,211.20000000000002,1,1187,3023,25,1
72.0,168.0,214.4,1,1188,3024,154,1
88.0,168.0,214.4,1,1189,3024,154,1
96.0,176.0,214.4,1,1190,3024,154,1
88.0,192.0,214.4,1,1191,3023,192,1
96.0,200.0,214.4,1,1192,3024,2,1
80.0,160.0,217.60000000000002,1,1193,3023,154,1
64.0,168.0,217.60000000000002,0,1194,3004,154,1
72.0,168.0,217.60000000000002,0,1195,3003,154,1
88.0,168.0,217.60000000000002,0,1196,3003,154,1
64.0,184.0,217.60000000000002,0,1197,3003,154,1
80.0,184.0,217.60000000000002,1,1198,3005,26,1
88.0,184.0,217.60000000000002,1,1199,3004,154,1
80.0,192.0,217.60000000000002,1,1200,3004,26,1
96.0,192.0,217.60000000000002,1,1201,3024,154,1
64.0,200.0,217.60000000000002,1,1202,3024,25,1
72.0,200.0,217.60000000000002,1,1203,3024,2,1
80.0,200.0,217.60000000000002,1,1204,3023,2,1
96.0,200.0,217.60000000000002,1,1205,3024,25,1
72.0,208.0,217.60000000000002,1,1206,3023,2,1
88.0,208.0,217.60000000000002,1,1207,3023,2,1
80.0,232.0,217.60000000000002,1,1208,3005,2,1
80.0,240.0,217.60000000000002,1,1209,3004,2,1
104.0,184.0,220.8,1,1210,3024,154,1
96.0,192.0,220.8,1,1211,3023,154,1
56.0,200.0,220.8,1,1212,3024,154,1
64.0,200.0,220.8,1,1213,3023,154,1
80.0,200.0,220.8,0,1214,3023,2,1
88.0,200.0,220.8,1,1215,3023,192,1
104.0,200.0,220.8,0,1216,3023,154,1
56.0,208.0,220.8,0,1217,3023,154,1
64.0,208.0,220.8,1,1218,3024,192,1
72.0,208.0,220.8,0,1219,3023,2,1
88.0,208.0,220.8,0,1220,3023,2,1
96.0,208.0,220.8,1,1221,3024,25,1
112.0,208.0,220.8,0,1222,3023,154,1
64.0,216.0,220.8,0,1223,3023,154,1
80.0,216.0,220.8,0,1224,3023,2,1
96.0,216.0,220.8,0,1225,3023,25,1
104.0,216.0,220.8,0,1226,3023,154,1
72.0,224.0,220.8,1,1227,3024,37,1
88.0,224.0,220.8,0,1228,3023,2,1
72.0,232.0,220.8,0,1229,3023,2,1
104.0,184.0,224.0,0,1230,3710,154,1
56.0,192.0,224.0,1,1231,3024,154,1
96.0,192.0,224.0,0,1232,3023,26,1
48.0,200.0,224.0,1,1233,3023,154,1
64.0,200.0,224.0,0,1234,3022,26,1
80.0,200.0,224.0,0,1235,3022,26,1
112.0,200.0,224.0,1,1236,3024,154,1
48.0,208.0,224.0,0,1237,3022,154,1
96.0,208.0,224.0,1,1238,3024,26,1
112.0,208.0,224.0,0,1239,3023,154,1
64.0,216.0,224.0,0,1240,3023,25,1
72.0,216.0,224.0,0,1241,3022,2,1
88.0,216.0,224.0,1,1242,3024,26,1
96.0,216.0,224.0,0,1243,3023,25,1
104.0,216.0,224.0,0,1244,3023,154,1
56.0,224.0,224.0,1,1245,3024,154,1
88.0,224.0,224.0,0,1246,3023,2,1
72.0,232.0,224.0,0,1247,3023,2,1
96.0,232.0,224.0,1,1248,3024,2,1
64.0,168.0,227.20000000000002,1,1249,3023,154,1
80.0,168.0,227.20000000000002,0,1250,3003,154,1
96.0,168.0,227.20000000000002,0,1251,3004,154,1
64.0,176.0,227.20000000000002,1,1252,3004,154,1
104.0,176.0,227.20000000000002,0,1253,3004,154,1
56.0,184.0,227.20000000000002,0,1254,3004,154,1
64.0,184.0,227.20000000000002,0,1255,3023,154,1
72.0,184.0,227.20000000000002,1,1256,3005,26,1
80.0,184.0,227.20000000000002,1,1257,3004,26,1
96.0,184.0,227.20000000000002,1,1258,3024,154,1
48.0,192.0,227.20000000000002,0,1259,3004,154,1
72.0,192.0,227.20000000000002,1,1260,3004,26,1
88.0,192.0,227.20000000000002,1,1261,3004,26,1
104.0,192.0,227.20000000000002,1,1262,3024,154,1
112.0,192.0,227.20000000000002,1,1263,3005,154,1
56.0,200.0,227.20000000000002,1,1264,3024,154,1
64.0,200.0,227.20000000000002,0,1265,3004,26,1
72.0,200.0,227.20000000000002,0,1266,3010,2,1
80.0,200.0,227.20000000000002,1,1267,3004,26,1
96.0,200.0,227.20000000000002,1,1268,3004,26,1
112.0,200.0,227.20000000000002,1,1269,3024,154,1
48.0,208.0,227.20000000000002,0,1270,3003,154,1
80.0,208.0,227.20000000000002,0,1271,3004,26,1
88.0,216.0,227.20000000000002,1,1272,3001,154,1
120.0,208.0,227.20000000000002,1,1273,3005,154,1
64.0,216.0,227.20000000000002,1,1274,3005,26,1
56.0,224.0,227.20000000000002,1,1275,3005,154,1
64.0,224.0,227.20000000000002,1,1276,3024,25,1
80.0,224.0,227.20000000000002,1,1277,3023,2,1
96.0,224.0,227.20000000000002,1,1278,3005,25,1
104.0,224.0,227.20000000000002,1,1279,3004,154,1
72.0,232.0,227.20000000000002,0,1280,3004,2,1
80.0,232.0,227.20000000000002,1,1281,3024,2,1
88.0,232.0,227.20000000000002,1,1282,3004,2,1
80.0,240.0,227.20000000000002,1,1283,3024,9,1
88.0,240.0,227.20000000000002,0,1284,3004,2,1
72.0,248.0,227.20000000000002,1,1285,3004,2,1
64.0,168.0,230.4,1,1286,3023,154,1
56.0,176.0,230.4,1,1287,3024,154,1
64.0,184.0,230.4,0,1288,3023,154,1
96.0,184.0,230.4,1,1289,3024,26,1
104.0,192.0,230.4,1,1290,3024,154,1
56.0,200.0,230.4,1,1291,3024,26,1
112.0,200.0,230.4,1,1292,3023,154,1
64.0,224.0,230.4,1,1293,3024,25,1
80.0,224.0,230.4,1,1294,3023,2,1
64.0,232.0,230.4,1,1295,3024,2,1
80.0,232.0,230.4,0,1296,3023,2,1
64.0,168.0,233.60000000000002,1,1297,3023,25,1
104.0,168.0,233.60000000000002,1,1298,3024,154,1
56.0,176.0,233.60000000000002,1,1299,3024,154,1
48.0,184.0,233.60000000000002,1,1300,3024,154,1
64.0,184.0,233.60000000000002,0,1301,3023,26,1
96.0,184.0,233.60000000000002,1,1302,3024,26,1
112.0,184.0,233.60000000000002,1,1303,3024,154,1
104.0,192.0,233.60000000000002,1,1304,3024,26,1
120.0,192.0,233.60000000000002,1,1305,3024,154,1
56.0,200.0,233.60000000000002,1,1306,3024,26,1
112.0,200.0,233.60000000000002,1,1307,3023,154,1
48.0,224.0,233.60000000000002,1,1308,3024,154,1
64.0,224.0,233.60000000000002,1,1309,3024,154,1
80.0,224.0,233.60000000000002,1,1310,3023,26,1
64.0,232.0,233.60000000000002,1,1311,3024,2,1
80.0,232.0,233.60000000000002,0,1312,3023,2,1
56.0,168.0,236.8,1,1313,3024,154,1
64.0,168.0,236.8,1,1314,3024,2,1
72.0,168.0,236.8,1,1315,3024,25,1
80.0,168.0,236.8,1,1316,3023,154,1
96.0,168.0,236.8,0,1317,3010,154,1
104.0,168.0,236.8,0,1318,3004,154,1
56.0,176.0,236.8,1,1319,3005,154,1
64.0,176.0,236.8,1,1320,3024,154,1
72.0,176.0,236.8,0,1321,3003,26,1
88.0,176.0,236.8,0,1322,3004,26,1
112.0,176.0,236.8,1,1323,3005,154,1
48.0,184.0,236.8,1,1324,3005,154,1
56.0,184.0,236.8,1,1325,3024,154,1
64.0,184.0,236.8,0,1326,3004,26,1
104.0,184.0,236.8,1,1327,3024,154,1
112.0,184.0,236.8,0,1328,3004,154,1
48.0,192.0,236.8,0,1329,3004,154,1
56.0,192.0,236.8,1,1330,3005,26,1
72.0,192.0,236.8,1,1331,3004,26,1
88.0,192.0,236.8,0,1332,3004,26,1
104.0,192.0,236.8,1,1333,3005,26,1
120.0,192.0,236.8,0,1334,3004,154,1
56.0,200.0,236.8,1,1335,3023,26,1
72.0,200.0,236.8,1,1336,3024,26,1
80.0,200.0,236.8,0,1337,3004,26,1
96.0,200.0,236.8,1,1338,3023,26,1
112.0,200.0,236.8,1,1339,3024,26,1
48.0,208.0,236.8,0,1340,3022,154,1
64.0,208.0,236.8,0,1341,3022,25,1
88.0,208.0,236.8,0,1342,3022,25,1
104.0,208.0,236.8,0,1343,3022,154,1
120.0,208.0,236.8,1,1344,3024,154,1
80.0,216.0,236.8,0,1345,3004,26,1
56.0,224.0,236.8,1,1346,3023,154,1
72.0,224.0,236.8,0,1347,3023,2,1
88.0,224.0,236.8,1,1348,3710,154,1
64.0,232.0,236.8,1,1349,3024,25,1
80.0,232.0,236.8,1,1350,3023,2,1
96.0,232.0,236.8,1,1351,3005,25,1
72.0,240.0,236.8,0,1352,3023,2,1
80.0,240.0,236.8,1,1353,3004,2,1
80.0,248.0,236.8,0,1354,3003,21,1
72.0,160.0,240.0,1,1355,3023,154,1
88.0,160.0,240.0,0,1356,3023,154,1
56.0,168.0,240.0,1,1357,3024,154,1
64.0,168.0,240.0,0,1358,3023,283,1
72.0,168.0,240.0,1,1359,3024,25,1
80.0,168.0,240.0,1,1360,3024,154,1
48.0,176.0,240.0,1,1361,3024,154,1
56.0,184.0,240.0,1,1362,3024,154,1
104.0,184.0,240.0,1,1363,3024,26,1
56.0,200.0,240.0,1,1364,3023,25,1
72.0,200.0,240.0,0,1365,3023,25,1
96.0,200.0,240.0,1,1366,3024,26,1
104.0,200.0,240.0,1,1367,3023,26,1
48.0,208.0,240.0,0,1368,3023,154,1
56.0,208.0,240.0,1,1369,3023,2,1
88.0,208.0,240.0,0,1370,3023,25,1
96.0,208.0,240.0,0,1371,3022,2,1
112.0,208.0,240.0,1,1372,3023,154,1
56.0,216.0,240.0,0,1373,3023,25,1
64.0,216.0,240.0,1,1374,3023,2,1
112.0,216.0,240.0,1,1375,3024,25,1
64.0,224.0,240.0,1,1376,3023,25,1
88.0,224.0,240.0,1,1377,3023,25,1
104.0,224.0,240.0,1,1378,3024,25,1
64.0,232.0,240.0,1,1379,3024,154,1
72.0,232.0,240.0,1,1380,3024,25,1
80.0,232.0,240.0,1,1381,3023,2,1
72.0,240.0,240.0,1,1382,3024,2,1
72.0,248.0,240.0,1,1383,3024,21,1
64.0,160.0,243.20000000000002,1,1384,3024,1,1
72.0,160.0,243.20000000000002,1,1385,3024,25,1
80.0,160.0,243.20000000000002,0,1386,3023,154,1
88.0,160.0,243.20000000000002,1,1387,3023,154,1
56.0,168.0,243.20000000000002,1,1388,3024,192,1
64.0,168.0,243.20000000000002,1,1389,3023,1,1
88.0,168.0,243.20000000000002,1,1390,3024,26,1
112.0,168.0,243.20000000000002,1,1391,3024,154,1
48.0,176.0,243.20000000000002,1,1392,3024,154,1
64.0,176.0,243.20000000000002,1,1393,3024,26,1
56.0,184.0,243.20000000000002,1,1394,3024,26,1
104.0,184.0,243.20000000000002,1,1395,3024,26,1
56.0,200.0,243.20000000000002,1,1396,3024,25,1
64.0,200.0,243.20000000000002,1,1397,3024,2,1
72.0,200.0,243.20000000000002,1,1398,3024,25,1
96.0,200.0,243.20000000000002,1,1399,3023,2,1
112.0,200.0,243.20000000000002,1,1400,3024,154,1
48.0,208.0,243.20000000000002,1,1401,3024,192,1
56.0,208.0,243.20000000000002,1,1402,3024,194,1
64.0,208.0,243.20000000000002,1,1403,3024,1,1
72.0,208.0,243.20000000000002,1,1404,3024,2,1
88.0,208.0,243.20000000000002,0,1405,3023,2,1
96.0,208.0,243.20000000000002,1,1406,3023,222,1
112.0,208.0,243.20000000000002,1,1407,3024,25,1
48.0,216.0,243.20000000000002,1,1408,3024,2,1
56.0,216.0,243.20000000000002,0,1409,3023,2,1
64.0,216.0,243.20000000000002,1,1410,3024,283,1
72.0,216.0,243.20000000000002,1,1411,3024,194,1
96.0,216.0,243.20000000000002,1,1412,3024,1,1
104.0,216.0,243.20000000000002,1,1413,3024,194,1
112.0,216.0,243.20000000000002,1,1414,3024,2,1
64.0,224.0,243.20000000000002,1,1415,3023,2,1
88.0,224.0,243.20000000000002,1,1416,3024,2,1
96.0,224.0,243.20000000000002,1,1417,3023,2,1
64.0,232.0,243.20000000000002,1,1418,3023,25,1
80.0,232.0,243.20000000000002,1,1419,3023,25,1
64.0,160.0,246.4,0,1420,3023,1,1
72.0,160.0,246.4,1,1421,3024,25,1
80.0,160.0,246.4,0,1422,3001,154,1
96.0,160.0,246.4,1,1423,3004,154,1
56.0,168.0,246.4,1,1424,3024,25,1
72.0,168.0,246.4,1,1425,3005,26,1
96.0,168.0,246.4,1,1426,3005,26,1
104.0,168.0,246.4,1,1427,3004,154,1
48.0,184.0,246.4,1,1428,3001,154,1
96.0,176.0,246.4,0,1429,3004,26,1
104.0,176.0,246.4,0,1430,3003,154,1
48.0,192.0,246.4,0,1431,3004,154,1
56.0,192.0,246.4,0,1432,3004,2,1
64.0,192.0,246.4,1,1433,3005,26,1
72.0,192.0,246.4,0,1434,3003,2,1
88.0,192.0,246.4,1,1435,3005,26,1
96.0,192.0,246.4,0,1436,3004,194,1
104.0,192.0,246.4,0,1437,3004,2,1
112.0,192.0,246.4,1,1438,3024,154,1
120.0,192.0,246.4,0,1439,3004,154,1
64.0,200.0,246.4,1,1440,3024,194,1
88.0,200.0,246.4,1,1441,3024,25,1
112.0,200.0,246.4,1,1442,3005,25,1
48.0,208.0,246.4,1,1443,3024,25,1
56.0,208.0,246.4,1,1444,3024,194,1
64.0,208.0,246.4,1,1445,3024,2,1
72.0,208.0,246.4,0,1446,3023,222,1
80.0,208.0,246.4,0,1447,3023,25,1
88.0,208.0,246.4,1,1448,3024,2,1
96.0,208.0,246.4,1,1449,3023,2,1
112.0,208.0,246.4,1,1450,3005,2,1
48.0,216.0,246.4,1,1451,3024,2,1
56.0,216.0,246.4,0,1452,3023,283,1
64.0,216.0,246.4,1,1453,3024,283,1
88.0,216.0,246.4,1,1454,3005,194,1
96.0,216.0,246.4,1,1455,3005,283,1
104.0,216.0,246.4,0,1456,3004,1,1
112.0,216.0,246.4,1,1457,3024,2,1
64.0,224.0,246.4,1,1458,3024,2,1
72.0,224.0,246.4,1,1459,3024,194,1
80.0,224.0,246.4,1,1460,3023,2,1
96.0,224.0,246.4,1,1461,3024,194,1
64.0,232.0,246.4,1,1462,3005,2,1
72.0,232.0,246.4,1,1463,3024,192,1
80.0,232.0,246.4,1,1464,3004,154,1
96.0,232.0,246.4,1,1465,3005,25,1
80.0,248.0,246.4,0,1466,3022,21,1
56.0,160.0,249.60000000000002,1,1467,3024,2,1
64.0,160.0,249.60000000000002,1,1468,3024,283,1
72.0,160.0,249.60000000000002,1,1469,3024,25,1
56.0,168.0,249.60000000000002,1,1470,3023,25,1
120.0,184.0,249.60000000000002,1,1471,3024,154,1
112.0,192.0,249.60000000000002,1,1472,3024,26,1
64.0,200.0,249.60000000000002,1,1473,3024,2,1
88.0,200.0,249.60000000000002,1,1474,3024,2,1
48.0,208.0,249.60000000000002,1,1475,3023,2,1
64.0,208.0,249.60000000000002,1,1476,3024,1,1
72.0,208.0,249.60000000000002,1,1477,3024,222,1
80.0,208.0,249.60000000000002,1,1478,3024,25,1
88.0,208.0,249.60000000000002,1,1479,3024,194,1
96.0,208.0,249.60000000000002,1,1480,3024,1,1
104.0,208.0,249.60000000000002,1,1481,3024,151,1
48.0,216.0,249.60000000000002,1,1482,3024,283,1
56.0,216.0,249.60000000000002,0,1483,3023,1,1
64.0,216.0,249.60000000000002,0,1484,3023,283,1
72.0,216.0,249.60000000000002,1,1485,3024,1,1
80.0,216.0,249.60000000000002,1,1486,3024,2,1
112.0,216.0,249.60000000000002,0,1487,3023,1,1
72.0,224.0,249.60000000000002,1,1488,3024,194,1
80.0,224.0,249.60000000000002,1,1489,3024,25,1
88.0,224.0,249.60000000000002,1,1490,3024,194,1
96.0,224.0,249.60000000000002,1,1491,3024,151,1
72.0,232.0,249.60000000000002,1,1492,3024,25,1
56.0,160.0,252.8,0,1493,3023,154,1
64.0,160.0,252.8,0,1494,3023,25,1
72.0,160.0,252.8,1,1495,3024,192,1
48.0,168.0,252.8,1,1496,3024,154,1
120.0,184.0,252.8,1,1497,3024,154,1
112.0,192.0,252.8,1,1498,3024,26,1
64.0,200.0,252.8,1,1499,3024,194,1
88.0,200.0,252.8,1,1500,3024,2,1
48.0,208.0,252.8,1,1501,3024,2,1
56.0,208.0,252.8,1,1502,3024,283,1
64.0,208.0,252.8,1,1503,3024,1,1
72.0,208.0,252.8,1,1504,3024,283,1
80.0,208.0,252.8,0,1505,3023,2,1
88.0,208.0,252.8,1,1506,3024,194,1
96.0,208.0,252.8,1,1507,3024,1,1
104.0,208.0,252.8,1,1508,3024,283,1
48.0,216.0,252.8,0,1509,3022,1,1
64.0,216.0,252.8,1,1510,3024,2,1
72.0,216.0,252.8,1,1511,3024,1,1
112.0,216.0,252.8,0,1512,3023,1,1
64.0,224.0,252.8,1,1513,3024,283,1
72.0,224.0,252.8,1,1514,3024,222,1
80.0,224.0,252.8,1,1515,3024,25,1
88.0,224.0,252.8,1,1516,3024,222,1
96.0,224.0,252.8,1,1517,3024,151,1
56.0,232.0,252.8,1,1518,3024,1,1
72.0,232.0,252.8,1,1519,3024,25,1
104.0,232.0,252.8,1,1520,3024,1,1
56.0,160.0,256.0,0,1521,3004,154,1
64.0,160.0,256.0,0,1522,3003,154,1
80.0,160.0,256.0,0,1523,3003,154,1
96.0,160.0,256.0,1,1524,3004,154,1
48.0,168.0,256.0,0,1525,3004,154,1
96.0,168.0,256.0,1,1526,3005,26,1
104.0,168.0,256.0,0,1527,3003,154,1
56.0,176.0,256.0,0,1528,3010,2,1
64.0,176.0,256.0,0,1529,3010,194,1
72.0,176.0,256.0,1,1530,3005,26,1
80.0,176.0,256.0,0,1531,3004,26,1
88.0,176.0,256.0,1,1532,3004,26,1
48.0,184.0,256.0,0,1533,3004,154,1
72.0,184.0,256.0,0,1534,3004,26,1
88.0,184.0,256.0,0,1535,3003,26,1
104.0,184.0,256.0,1,1536,3005,26,1
112.0,184.0,256.0,0,1537,3003,154,1
80.0,192.0,256.0,0,1538,3004,26,1
104.0,192.0,256.0,0,1539,3004,2,1
48.0,200.0,256.0,1,1540,3005,154,1
72.0,200.0,256.0,1,1541,3024,2,1
88.0,200.0,256.0,1,1542,3024,2,1
96.0,200.0,256.0,1,1543,3024,194,1
112.0,200.0,256.0,1,1544,3005,25,1
120.0,200.0,256.0,1,1545,3005,154,1
48.0,208.0,256.0,1,1546,3024,2,1
56.0,208.0,256.0,1,1547,3024,283,1
64.0,208.0,256.0,1,1548,3024,1,1
72.0,208.0,256.0,1,1549,3024,283,1
80.0,208.0,256.0,0,1550,3023,2,1
88.0,208.0,256.0,1,1551,3024,194,1
96.0,208.0,256.0,1,1552,3024,1,1
104.0,208.0,256.0,1,1553,3024,283,1
112.0,208.0,256.0,1,1554,3005,2,1
48.0,216.0,256.0,0,1555,3023,1,1
56.0,216.0,256.0,1,1556,3005,1,1
64.0,216.0,256.0,0,1557,3023,2,1
72.0,216.0,256.0,1,1558,3024,1,1
88.0,216.0,256.0,1,1559,3005,194,1
96.0,216.0,256.0,1,1560,3005,283,1
104.0,216.0,256.0,0,1561,3022,1,1
56.0,224.0,256.0,0,1562,3023,1,1
72.0,224.0,256.0,1,1563,3024,222,1
80.0,224.0,256.0,1,1564,3024,25,1
88.0,224.0,256.0,1,1565,3024,194,1
96.0,224.0,256.0,1,1566,3024,2,1
64.0,232.0,256.0,1,1567,3024,283,1
72.0,232.0,256.0,1,1568,3024,25,1
80.0,232.0,256.0,1,1569,3004,154,1
96.0,232.0,256.0,1,1570,3024,37,1
104.0,232.0,256.0,1,1571,3024,1,1
72.0,200.0,259.2,1,1572,3024,194,1
88.0,200.0,259.2,1,1573,3024,2,1
96.0,200.0,259.2,1,1574,3024,194,1
48.0,208.0,259.2,1,1575,3024,2,1
56.0,208.0,259.2,1,1576,3024,151,1
64.0,208.0,259.2,0,1577,3023,283,1
72.0,208.0,259.2,1,1578,3024,283,1
80.0,208.0,259.2,1,1579,3024,25,1
88.0,208.0,259.2,1,1580,3024,222,1
96.0,208.0,259.2,1,1581,3024,283,1
104.0,208.0,259.2,1,1582,3024,151,1
48.0,216.0,259.2,1,1583,3024,283,1
72.0,216.0,259.2,1,1584,3024,1,1
80.0,216.0,259.2,0,1585,3023,25,1
104.0,216.0,259.2,1,1586,3024,1,1
112.0,216.0,259.2,1,1587,3024,283,1
48.0,224.0,259.2,1,1588,3024,1,1
56.0,224.0,259.2,0,1589,3023,1,1
64.0,224.0,259.2,0,1590,3023,2,1
72.0,224.0,259.2,1,1591,3024,222,1
88.0,224.0,259.2,1,1592,3023,194,1
104.0,224.0,259.2,0,1593,3023,1,1
112.0,224.0,259.2,1,1594,3024,1,1
72.0,232.0,259.2,1,1595,3024,192,1
96.0,232.0,259.2,1,1596,3024,25,1
72.0,200.0,262.40000000000003,1,1597,3024,2,1
88.0,200.0,262.40000000000003,1,1598,3024,25,1
96.0,200.0,262.40000000000003,1,1599,3024,2,1
48.0,208.0,262.40000000000003,1,1600,3024,25,1
56.0,208.0,262.40000000000003,1,1601,3023,2,1
72.0,208.0,262.40000000000003,1,1602,3024,194,1
80.0,208.0,262.40000000000003,0,1603,3023,25,1
88.0,208.0,262.40000000000003,1,1604,3024,2,1
96.0,208.0,262.40000000000003,1,1605,3024,283,1
104.0,208.0,262.40000000000003,1,1606,3024,2,1
48.0,216.0,262.40000000000003,1,1607,3024,2,1
64.0,216.0,262.40000000000003,1,1608,3024,151,1
72.0,216.0,262.40000000000003,1,1609,3024,222,1
104.0,216.0,262.40000000000003,1,1610,3023,283,1
56.0,224.0,262.40000000000003,1,1611,3024,222,1
64.0,224.0,262.40000000000003,1,1612,3024,194,1
72.0,224.0,262.40000000000003,1,1613,3023,2,1
88.0,224.0,262.40000000000003,1,1614,3024,2,1
96.0,224.0,262.40000000000003,1,1615,3024,222,1
104.0,224.0,262.40000000000003,0,1616,3023,2,1
112.0,224.0,262.40000000000003,1,1617,3024,283,1
64.0,232.0,262.40000000000003,1,1618,3024,37,1
72.0,232.0,262.40000000000003,1,1619,3024,154,1
96.0,232.0,262.40000000000003,1,1620,3024,25,1
56.0,160.0,265.6,1,1621,3024,154,1
64.0,160.0,265.6,1,1622,3004,154,1
80.0,160.0,265.6,0,1623,3003,154,1
96.0,160.0,265.6,0,1624,3003,154,1
48.0,168.0,265.6,0,1625,3003,154,1
64.0,168.0,265.6,1,1626,3024,26,1
72.0,168.0,265.6,0,1627,3004,26,1
112.0,168.0,265.6,0,1628,3004,154,1
64.0,176.0,265.6,0,1629,3004,26,1
80.0,176.0,265.6,1,1630,3004,26,1
96.0,176.0,265.6,1,1631,3004,26,1
48.0,184.0,265.6,0,1632,3003,154,1
72.0,184.0,265.6,1,1633,3004,26,1
88.0,184.0,265.6,1,1634,3010,154,1
120.0,184.0,265.6,0,1635,3004,154,1
64.0,192.0,265.6,1,1636,3004,26,1
80.0,192.0,265.6,0,1637,3003,26,1
96.0,192.0,265.6,1,1638,3004,26,1
112.0,192.0,265.6,1,1639,3024,26,1
48.0,200.0,265.6,1,1640,3005,154,1
56.0,200.0,265.6,1,1641,3023,25,1
72.0,200.0,265.6,1,1642,3024,25,1
96.0,200.0,265.6,1,1643,3023,25,1
112.0,200.0,265.6,0,1644,3023,25,1
120.0,200.0,265.6,1,1645,3005,154,1
48.0,208.0,265.6,1,1646,3024,25,1
56.0,208.0,265.6,0,1647,3023,2,1
64.0,208.0,265.6,1,1648,3024,222,1
72.0,208.0,265.6,1,1649,3024,2,1
80.0,208.0,265.6,0,1650,3004,26,1
88.0,208.0,265.6,1,1651,3024,25,1
96.0,208.0,265.6,1,1652,3023,222,1
120.0,208.0,265.6,1,1653,3024,154,1
48.0,216.0,265.6,1,1654,3024,2,1
64.0,216.0,265.6,1,1655,3024,283,1
72.0,216.0,265.6,1,1656,3024,194,1
88.0,216.0,265.6,1,1657,3024,2,1
96.0,216.0,265.6,1,1658,3024,1,1
104.0,216.0,265.6,1,1659,3023,2,1
48.0,224.0,265.6,1,1660,3005,2,1
56.0,224.0,265.6,0,1661,3023,2,1
64.0,224.0,265.6,1,1662,3024,222,1
72.0,224.0,265.6,1,1663,3024,2,1
80.0,224.0,265.6,1,1664,3005,26,1
88.0,224.0,265.6,1,1665,3024,25,1
96.0,224.0,265.6,1,1666,3023,194,1
112.0,224.0,265.6,1,1667,3005,2,1
64.0,232.0,265.6,1,1668,3024,25,1
72.0,232.0,265.6,1,1669,3004,154,1
88.0,232.0,265.6,1,1670,3005,154,1
96.0,232.0,265.6,1,1671,3024,25,1
104.0,232.0,265.6,1,1672,3024,2,1
56.0,160.0,268.8,1,1673,3024,154,1
64.0,168.0,268.8,1,1674,3024,154,1
112.0,192.0,268.8,0,1675,3023,154,1
56.0,200.0,268.8,0,1676,3023,25,1
64.0,200.0,268.8,0,1677,3023,2,1
72.0,200.0,268.8,0,1678,3710,25,1
96.0,200.0,268.8,1,1679,3024,26,1
104.0,200.0,268.8,0,1680,3710,2,1
48.0,208.0,268.8,1,1681,3024,154,1
88.0,208.0,268.8,0,1682,3022,2,1
112.0,208.0,268.8,1,1683,3024,154,1
48.0,216.0,268.8,1,1684,3024,37,1
56.0,216.0,268.8,1,1685,3023,2,1
112.0,216.0,268.8,1,1686,3024,37,1
56.0,224.0,268.8,0,1687,3023,2,1
64.0,224.0,268.8,0,1688,3023,25,1
88.0,224.0,268.8,1,1689,3023,25,1
96.0,232.0,268.8,1,1690,3024,192,1
104.0,232.0,268.8,1,1691,3024,37,1
64.0,168.0,272.0,1,1692,3024,154,1
112.0,192.0,272.0,1,1693,3024,154,1
56.0,200.0,272.0,1,1694,3023,26,1
72.0,200.0,272.0,1,1695,3024,26,1
96.0,200.0,272.0,1,1696,3024,26,1
104.0,200.0,272.0,0,1697,3022,154,1
48.0,208.0,272.0,1,1698,3710,154,1
88.0,208.0,272.0,1,1699,3023,26,1
48.0,216.0,272.0,1,1700,3024,25,1
56.0,216.0,272.0,0,1701,3023,37,1
64.0,216.0,272.0,1,1702,3023,26,1
88.0,216.0,272.0,0,1703,3023,26,1
96.0,216.0,272.0,0,1704,3022,25,1
112.0,216.0,272.0,1,1705,3024,25,1
64.0,224.0,272.0,0,1706,3023,154,1
72.0,224.0,272.0,1,1707,3024,26,1
96.0,232.0,272.0,1,1708,3023,154,1
64.0,160.0,275.2,1,1709,3004,154,1
80.0,160.0,275.2,0,1710,3001,154,1
96.0,160.0,275.2,1,1711,3005,154,1
104.0,160.0,275.2,1,1712,3024,154,1
56.0,168.0,275.2,1,1713,3004,154,1
72.0,168.0,275.2,0,1714,3004,26,1
96.0,168.0,275.2,1,1715,3024,26,1
104.0,168.0,275.2,0,1716,3001,154,1
48.0,176.0,275.2,1,1717,3004,154,1
64.0,176.0,275.2,0,1718,3004,26,1
96.0,176.0,275.2,0,1719,3004,26,1
48.0,184.0,275.2,0,1720,3003,154,1
72.0,184.0,275.2,0,1721,3004,26,1
64.0,192.0,275.2,0,1722,3004,26,1
80.0,192.0,275.2,1,1723,3004,26,1
96.0,192.0,275.2,1,1724,3005,26,1
48.0,200.0,275.2,0,1725,3004,154,1
56.0,200.0,275.2,0,1726,3023,26,1
72.0,200.0,275.2,0,1727,3003,26,1
88.0,200.0,275.2,1,1728,3010,154,1
64.0,208.0,275.2,1,1729,3005,26,1
88.0,208.0,275.2,1,1730,3004,26,1
104.0,208.0,275.2,0,1731,3023,26,1
112.0,208.0,275.2,0,1732,3004,154,1
48.0,216.0,275.2,1,1733,3024,154,1
56.0,216.0,275.2,0,1734,3004,154,1
64.0,216.0,275.2,1,1735,3024,26,1
72.0,216.0,275.2,1,1736,3004,26,1
88.0,216.0,275.2,1,1737,3005,26,1
96.0,216.0,275.2,0,1738,3004,154,1
64.0,224.0,275.2,1,1739,3005,154,1
72.0,224.0,275.2,1,1740,3024,26,1
80.0,224.0,275.2,0,1741,3022,154,1
104.0,224.0,275.2,1,1742,3005,154,1
112.0,224.0,275.2,1,1743,3024,154,1
64.0,232.0,275.2,1,1744,3023,154,1
96.0,232.0,275.2,1,1745,3024,154,1
96.0,168.0,278.40000000000003,1,1746,3024,154,1
56.0,200.0,278.40000000000003,0,1747,3023,154,1
104.0,208.0,278.40000000000003,0,1748,3023,154,1
48.0,216.0,278.40000000000003,1,1749,3024,154,1
64.0,216.0,278.40000000000003,1,1750,3024,26,1
72.0,224.0,278.40000000000003,0,1751,3022,154,1
88.0,224.0,278.40000000000003,0,1752,3023,154,1
96.0,232.0,278.40000000000003,1,1753,3024,154,1
96.0,168.0,281.6,1,1754,3024,154,1
56.0,200.0,281.6,0,1755,3023,154,1
104.0,208.0,281.6,0,1756,3023,154,1
64.0,216.0,281.6,1,1757,3024,154,1
72.0,224.0,281.6,1,1758,3024,154,1
80.0,224.0,281.6,1,1759,3023,154,1
32.0,152.0,284.8,1,1760,3024,154,1
40.0,152.0,284.8,1,1761,3005,154,1
128.0,152.0,284.8,0,1762,3023,154,1
40.0,160.0,284.8,1,1763,3024,154,1
48.0,160.0,284.8,1,1764,3005,154,1
72.0,160.0,284.8,1,1765,3023,154,1
88.0,160.0,284.8,1,1766,3023,154,1
112.0,160.0,284.8,1,1767,3024,154,1
120.0,160.0,284.8,0,1768,3023,154,1
48.0,168.0,284.8,1,1769,3024,154,1
56.0,168.0,284.8,1,1770,3005,154,1
64.0,168.0,284.8,1,1771,3004,154,1
80.0,168.0,284.8,1,1772,3024,26,1
88.0,168.0,284.8,0,1773,3010,154,1
96.0,168.0,284.8,1,1774,3004,154,1
112.0,168.0,284.8,0,1775,3004,154,1
48.0,176.0,284.8,1,1776,3004,154,1
64.0,176.0,284.8,1,1777,3024,26,1
72.0,176.0,284.8,1,1778,3004,26,1
96.0,176.0,284.8,1,1779,3023,26,1
48.0,184.0,284.8,1,1780,3024,154,1
56.0,192.0,284.8,1,1781,3001,154,1
96.0,184.0,284.8,0,1782,3004,26,1
104.0,184.0,284.8,1,1783,3005,26,1
112.0,184.0,284.8,0,1784,3004,154,1
48.0,192.0,284.8,0,1785,3023,154,1
104.0,192.0,284.8,0,1786,3023,154,1
56.0,200.0,284.8,0,1787,3004,154,1
64.0,200.0,284.8,0,1788,3023,26,1
72.0,200.0,284.8,1,1789,3004,26,1
88.0,200.0,284.8,1,1790,3004,26,1
112.0,200.0,284.8,0,1791,3023,154,1
72.0,208.0,284.8,1,1792,3024,26,1
80.0,208.0,284.8,1,1793,3005,26,1
88.0,208.0,284.8,1,1794,3023,26,1
104.0,208.0,284.8,1,1795,3005,154,1
56.0,216.0,284.8,1,1796,3024,154,1
64.0,216.0,284.8,1,1797,3004,154,1
80.0,216.0,284.8,1,1798,3024,26,1
88.0,216.0,284.8,1,1799,3004,154,1
104.0,216.0,284.8,1,1800,3024,154,1
64.0,224.0,284.8,1,1801,3024,154,1
72.0,224.0,284.8,1,1802,3023,154,1
88.0,224.0,284.8,1,1803,3023,154,1
24.0,152.0,288.0,1,1804,3023,154,1
128.0,152.0,288.0,1,1805,3023,154,1
32.0,160.0,288.0,1,1806,3024,154,1
40.0,160.0,288.0,1,1807,3024,192,1
72.0,160.0,288.0,1,1808,3023,154,1
88.0,160.0,288.0,1,1809,3024,154,1
112.0,160.0,288.0,1,1810,3024,154,1
120.0,160.0,288.0,1,1811,3023,192,1
40.0,168.0,288.0,1,1812,3024,25,1
48.0,168.0,288.0,1,1813,3024,154,1
80.0,168.0,288.0,1,1814,3024,154,1
120.0,168.0,288.0,1,1815,3024,25,1
64.0,176.0,288.0,1,1816,3024,26,1
96.0,176.0,288.0,1,1817,3023,26,1
104.0,192.0,288.0,0,1818,3023,154,1
64.0,200.0,288.0,0,1819,3023,154,1
112.0,200.0,288.0,1,1820,3024,154,1
72.0,208.0,288.0,1,1821,3024,26,1
88.0,208.0,288.0,1,1822,3023,154,1
80.0,216.0,288.0,0,1823,3023,154,1
104.0,216.0,288.0,1,1824,3024,154,1
88.0,224.0,288.0,1,1825,3024,154,1
24.0,152.0,291.2,1,1826,3024,154,1
32.0,152.0,291.2,0,1827,3023,25,1
128.0,152.0,291.2,0,1828,3023,25,1
136.0,152.0,291.2,1,1829,3023,154,1
40.0,160.0,291.2,0,1830,3023,25,1
120.0,160.0,291.2,0,1831,3023,25,1
48.0,168.0,291.2,1,1832,3024,25,1
80.0,168.0,291.2,1,1833,3024,154,1
64.0,176.0,291.2,1,1834,3024,154,1
96.0,176.0,291.2,1,1835,3023,154,1
120.0,176.0,291.2,1,1836,3024,154,1
48.0,184.0,291.2,1,1837,3024,154,1
104.0,192.0,291.2,1,1838,3024,154,1
64.0,200.0,291.2,1,1839,3024,192,1
104.0,200.0,291.2,1,1840,3024,192,1
64.0,208.0,291.2,1,1841,3023,154,1
88.0,208.0,291.2,1,1842,3023,154,1
80.0,216.0,291.2,1,1843,3024,154,1
16.0,144.0,294.40000000000003,1,1844,3005,154,1
24.0,144.0,294.40000000000003,1,1845,3024,154,1
144.0,144.0,294.40000000000003,1,1846,3005,154,1
16.0,152.0,294.40000000000003,1,1847,3024,154,1
24.0,152.0,294.40000000000003,1,1848,3005,25,1
32.0,152.0,294.40000000000003,1,1849,3024,25,1
40.0,152.0,294.40000000000003,1,1850,3024,154,1
128.0,152.0,294.40000000000003,1,1851,3024,25,1
136.0,152.0,294.40000000000003,1,1852,3005,25,1
144.0,152.0,294.40000000000003,1,1853,3024,154,1
32.0,160.0,294.40000000000003,1,1854,3005,25,1
40.0,160.0,294.40000000000003,1,1855,3024,25,1
48.0,160.0,294.40000000000003,1,1856,3024,154,1
120.0,160.0,294.40000000000003,0,1857,3023,25,1
128.0,160.0,294.40000000000003,1,1858,3005,25,1
40.0,168.0,294.40000000000003,0,1859,3004,25,1
48.0,168.0,294.40000000000003,0,1860,3004,154,1
56.0,168.0,294.40000000000003,1,1861,3024,154,1
72.0,168.0,294.40000000000003,1,1862,3024,154,1
80.0,168.0,294.40000000000003,0,1863,3023,154,1
88.0,168.0,294.40000000000003,1,1864,3023,154,1
112.0,168.0,294.40000000000003,1,1865,3024,154,1
56.0,176.0,294.40000000000003,0,1866,3022,154,1
72.0,176.0,294.40000000000003,1,1867,3005,154,1
88.0,176.0,294.40000000000003,1,1868,3005,154,1
96.0,176.0,294.40000000000003,1,1869,3023,154,1
112.0,176.0,294.40000000000003,1,1870,3005,154,1
120.0,176.0,294.40000000000003,1,1871,3024,154,1
48.0,184.0,294.40000000000003,1,1872,3024,154,1
72.0,184.0,294.40000000000003,0,1873,3020,154,1
88.0,184.0,294.40000000000003,0,1874,3023,26,1
96.0,184.0,294.40000000000003,1,1875,3024,26,1
104.0,184.0,294.40000000000003,1,1876,3023,154,1
56.0,192.0,294.40000000000003,1,1877,3023,192,1
96.0,192.0,294.40000000000003,1,1878,3023,192,1
56.0,200.0,294.40000000000003,1,1879,3004,308,1
88.0,200.0,294.40000000000003,1,1880,3023,308,1
104.0,200.0,294.40000000000003,1,1881,3005,308,1
64.0,208.0,294.40000000000003,1,1882,3024,192,1
88.0,208.0,294.40000000000003,1,1883,3023,154,1
80.0,216.0,294.40000000000003,1,1884,3024,154,1
8.0,144.0,297.6,1,1885,3024,154,1
24.0,144.0,297.6,1,1886,3024,154,1
152.0,144.0,297.6,0,1887,3023,154,1
16.0,152.0,297.6,1,1888,3024,25,1
32.0,152.0,297.6,1,1889,3024,25,1
128.0,152.0,297.6,1,1890,3024,154,1
144.0,152.0,297.6,1,1891,3024,25,1
40.0,160.0,297.6,1,1892,3024,25,1
120.0,160.0,297.6,1,1893,3024,154,1
136.0,160.0,297.6,1,1894,3024,25,1
80.0,168.0,297.6,0,1895,3023,154,1
88.0,168.0,297.6,1,1896,3024,154,1
112.0,168.0,297.6,1,1897,3024,154,1
120.0,168.0,297.6,0,1898,3023,25,1
128.0,168.0,297.6,1,1899,3024,25,1
56.0,176.0,297.6,1,1900,3023,154,1
96.0,176.0,297.6,0,1901,3022,154,1
56.0,184.0,297.6,1,1902,3710,154,1
88.0,184.0,297.6,1,1903,3024,26,1
56.0,192.0,297.6,1,1904,3023,192,1
72.0,192.0,297.6,0,1905,3023,192,1
80.0,192.0,297.6,1,1906,3023,26,1
96.0,192.0,297.6,0,1907,3023,192,1
104.0,192.0,297.6,1,1908,3024,192,1
80.0,200.0,297.6,0,1909,3022,154,1
56.0,208.0,297.6,1,1910,3023,308,1
72.0,208.0,297.6,1,1911,3024,154,1
96.0,208.0,297.6,1,1912,3023,308,1
8.0,144.0,300.8,0,1913,3023,154,1
152.0,144.0,300.8,1,1914,3024,154,1
16.0,152.0,300.8,1,1915,3024,25,1
32.0,152.0,300.8,1,1916,3024,154,1
128.0,152.0,300.8,1,1917,3024,154,1
144.0,152.0,300.8,1,1918,3024,25,1
152.0,152.0,300.8,1,1919,3024,192,1
24.0,160.0,300.8,1,1920,3024,25,1
40.0,160.0,300.8,1,1921,3024,154,1
120.0,160.0,300.8,0,1922,3023,154,1
136.0,160.0,300.8,1,1923,3024,25,1
32.0,168.0,300.8,1,1924,3024,25,1
128.0,168.0,300.8,0,1925,3023,25,1
80.0,176.0,300.8,0,1926,3023,154,1
120.0,176.0,300.8,1,1927,3024,192,1
64.0,184.0,300.8,1,1928,3023,154,1
88.0,184.0,300.8,1,1929,3023,154,1
56.0,192.0,300.8,1,1930,3024,308,1
64.0,192.0,300.8,1,1931,3024,192,1
72.0,192.0,300.8,0,1932,3022,154,1
88.0,192.0,300.8,0,1933,3023,154,1
96.0,192.0,300.8,1,1934,3024,192,1
104.0,192.0,300.8,1,1935,3024,308,1
96.0,200.0,300.8,0,1936,3023,308,1
112.0,200.0,300.8,1,1937,3024,308,1
56.0,208.0,300.8,1,1938,3023,308,1
104.0,208.0,300.8,1,1939,3023,308,1
8.0,144.0,304.0,1,1940,3005,154,1
16.0,144.0,304.0,1,1941,3024,154,1
144.0,144.0,304.0,1,1942,3024,154,1
152.0,144.0,304.0,1,1943,3004,154,1
8.0,152.0,304.0,1,1944,3024,192,1
16.0,152.0,304.0,1,1945,3023,25,1
32.0,152.0,304.0,1,1946,3024,154,1
136.0,152.0,304.0,1,1947,3023,25,1
152.0,152.0,304.0,1,1948,3024,25,1
24.0,160.0,304.0,1,1949,3023,25,1
40.0,160.0,304.0,0,1950,3023,154,1
128.0,160.0,304.0,1,1951,3024,154,1
136.0,160.0,304.0,0,1952,3023,25,1
32.0,168.0,304.0,0,1953,3023,25,1
120.0,168.0,304.0,0,1954,3023,154,1
128.0,168.0,304.0,0,1955,3023,25,1
40.0,176.0,304.0,1,1956,3024,154,1
72.0,184.0,304.0,0,1957,3022,154,1
88.0,184.0,304.0,0,1958,3023,154,1
56.0,192.0,304.0,1,1959,3023,308,1
96.0,192.0,304.0,1,1960,3023,308,1
56.0,200.0,304.0,1,1961,3004,308,1
96.0,200.0,304.0,0,1962,3023,308,1
104.0,200.0,304.0,0,1963,3003,308,1
56.0,208.0,304.0,1,1964,3005,308,1
64.0,208.0,304.0,1,1965,3024,308,1
0.0,144.0,307.20000000000005,0,1966,3023,154,1
16.0,144.0,307.20000000000005,1,1967,3024,154,1
8.0,152.0,307.20000000000005,1,1968,3023,25,1
24.0,152.0,307.20000000000005,1,1969,3024,154,1
136.0,152.0,307.20000000000005,1,1970,3024,154,1
144.0,152.0,307.20000000000005,1,1971,3023,25,1
160.0,152.0,307.20000000000005,1,1972,3023,154,1
16.0,160.0,307.20000000000005,1,1973,3023,25,1
32.0,160.0,307.20000000000005,1,1974,3024,154,1
128.0,160.0,307.20000000000005,1,1975,3024,154,1
136.0,160.0,307.20000000000005,1,1976,3023,25,1
24.0,168.0,307.20000000000005,1,1977,3023,25,1
40.0,168.0,307.20000000000005,0,1978,3023,154,1
128.0,168.0,307.20000000000005,1,1979,3024,192,1
136.0,168.0,307.20000000000005,1,1980,3024,25,1
32.0,176.0,307.20000000000005,1,1981,3024,154,1
120.0,176.0,307.20000000000005,1,1982,3023,154,1
136.0,176.0,307.20000000000005,1,1983,3024,192,1
48.0,200.0,307.20000000000005,0,1984,3023,308,1
96.0,200.0,307.20000000000005,1,1985,3024,308,1
64.0,208.0,307.20000000000005,1,1986,3024,308,1
0.0,144.0,310.40000000000003,0,1987,3023,154,1
8.0,152.0,310.40000000000003,0,1988,3023,154,1
16.0,152.0,310.40000000000003,1,1989,3024,192,1
24.0,152.0,310.40000000000003,1,1990,3024,154,1
144.0,152.0,310.40000000000003,1,1991,3024,192,1
152.0,152.0,310.40000000000003,1,1992,3024,154,1
160.0,152.0,310.40000000000003,1,1993,3023,154,1
16.0,160.0,310.40000000000003,1,1994,3024,25,1
24.0,160.0,310.40000000000003,1,1995,3024,192,1
32.0,160.0,310.40000000000003,0,1996,3023,154,1
136.0,160.0,310.40000000000003,1,1997,3024,154,1
144.0,160.0,310.40000000000003,1,1998,3024,25,1
152.0,160.0,310.40000000000003,0,1999,3023,154,1
16.0,168.0,310.40000000000003,1,2000,3024,154,1
24.0,168.0,310.40000000000003,1,2001,3024,25,1
128.0,168.0,310.40000000000003,0,2002,3023,154,1
136.0,168.0,310.40000000000003,1,2003,3023,192,1
24.0,176.0,310.40000000000003,1,2004,3023,154,1
136.0,176.0,310.40000000000003,1,2005,3023,154,1
48.0,200.0,310.40000000000003,0,2006,3023,308,1
8.0,152.0,313.6,0,2007,3022,154,1
152.0,152.0,313.6,1,2008,3023,154,1
24.0,160.0,313.6,1,2009,3024,154,1
144.0,160.0,313.6,1,2010,3023,154,1
16.0,168.0,313.6,1,2011,3023,154,1
136.0,168.0,313.6,0,2012,3022,154,1
152.0,168.0,313.6,1,2013,3024,154,1
24.0,176.0,313.6,1,2014,3024,154,1
