brick_id,pickup_start,pickup_end,pickup_attempts,belt_activation,place_end,source_file
1,2024-05-21 10:03:01,2024-05-21 10:09:31,1,0,2024-05-21 10:10:29,KPI_DATA_build_20240521_100257.csv
2,2024-05-21 10:10:29,2024-05-21 10:10:52,1,0,2024-05-21 10:11:29,KPI_DATA_build_20240521_100257.csv
3,2024-05-21 10:11:29,2024-05-21 10:11:46,1,0,2024-05-21 10:11:58,KPI_DATA_build_20240521_100257.csv
4,2024-05-21 10:11:58,2024-05-21 10:15:12,1,3,2024-05-21 10:15:24,KPI_DATA_build_20240521_100257.csv
5,2024-05-21 10:15:24,2024-05-21 10:17:17,1,2,2024-05-21 10:17:29,KPI_DATA_build_20240521_100257.csv
6,2024-05-21 10:17:29,2024-05-21 10:25:55,4,8,2024-05-21 10:26:07,KPI_DATA_build_20240521_100257.csv
7,2024-05-21 10:26:07,2024-05-21 10:28:18,1,2,2024-05-21 10:28:29,KPI_DATA_build_20240521_100257.csv
8,2024-05-21 10:32:21,2024-05-21 10:34:30,1,1,2024-05-21 10:34:42,KPI_DATA_build_20240521_103220.csv
9,2024-05-21 10:34:42,2024-05-21 10:38:14,2,3,2024-05-21 10:38:26,KPI_DATA_build_20240521_103220.csv
10,2024-05-21 10:38:26,2024-05-21 10:47:03,3,8,2024-05-21 10:47:14,KPI_DATA_build_20240521_103220.csv
11,2024-05-21 10:47:14,2024-05-21 10:53:55,2,6,2024-05-21 10:54:07,KPI_DATA_build_20240521_103220.csv
12,2024-05-21 10:54:07,2024-05-21 10:59:12,3,4,2024-05-21 10:59:24,KPI_DATA_build_20240521_103220.csv
13,2024-05-21 10:59:24,2024-05-21 11:13:57,7,11,2024-05-21 11:14:08,KPI_DATA_build_20240521_103220.csv
14,2024-05-21 11:14:08,2024-05-21 11:21:51,2,6,2024-05-21 11:22:03,KPI_DATA_build_20240521_103220.csv
15,2024-05-21 11:22:03,2024-05-21 11:22:18,1,0,2024-05-21 11:22:30,KPI_DATA_build_20240521_103220.csv
16,2024-05-21 11:22:30,2024-05-21 11:22:48,1,0,2024-05-21 11:23:00,KPI_DATA_build_20240521_103220.csv   
17,2024-05-21 11:23:00,2024-05-21 11:25:28,1,2,2024-05-21 11:25:40,KPI_DATA_build_20240521_103220.csv
18,2024-05-21 11:25:40,2024-05-21 11:25:56,1,0,2024-05-21 11:26:08,KPI_DATA_build_20240521_103220.csv
19,2024-05-21 11:26:08,2024-05-21 11:34:28,2,7,2024-05-21 11:34:39,KPI_DATA_build_20240521_103220.csv
20,2024-05-21 11:34:39,2024-05-21 11:51:39,3,13,2024-05-21 11:51:51,KPI_DATA_build_20240521_103220.csv
21,2024-05-21 11:51:51,2024-05-21 11:54:36,1,2,2024-05-21 11:54:48,KPI_DATA_build_20240521_103220.csv
22,2024-05-21 11:54:48,2024-05-21 12:10:06,6,11,2024-05-21 12:10:17,KPI_DATA_build_20240521_103220.csv
23,2024-05-21 12:10:17,2024-05-21 12:13:06,1,2,2024-05-21 12:13:17,KPI_DATA_build_20240521_103220.csv
24,2024-05-21 12:13:17,2024-05-21 12:14:47,1,1,2024-05-21 12:14:58,KPI_DATA_build_20240521_103220.csv
25,2024-05-21 12:14:58,2024-05-21 12:17:39,1,2,2024-05-21 12:17:51,KPI_DATA_build_20240521_103220.csv
26,2024-05-21 12:17:51,2024-05-21 12:27:02,1,2,2024-05-21 12:27:13,KPI_DATA_build_20240521_103220.csv
27,2024-05-21 12:29:13,2024-05-21 12:30:29,1,0,2024-05-21 12:30:41,KPI_DATA_build_20240521_122912.csv
28,2024-05-21 12:30:41,2024-05-21 12:30:55,1,0,2024-05-21 12:31:07,KPI_DATA_build_20240521_122912.csv
29,2024-05-21 12:31:07,2024-05-21 12:32:55,2,1,2024-05-21 12:33:07,KPI_DATA_build_20240521_122912.csv
30,2024-05-21 12:33:07,2024-05-21 12:33:30,2,0,2024-05-21 12:33:42,KPI_DATA_build_20240521_122912.csv
31,2024-05-21 12:33:42,2024-05-21 12:33:59,1,0,2024-05-21 12:34:11,KPI_DATA_build_20240521_122912.csv
32,2024-05-21 12:34:11,2024-05-21 12:35:35,1,1,2024-05-21 12:35:47,KPI_DATA_build_20240521_122912.csv
33,2024-05-21 12:35:47,2024-05-21 12:36:01,1,0,2024-05-21 12:36:13,KPI_DATA_build_20240521_122912.csv
34,2024-05-21 12:36:13,2024-05-21 12:38:12,3,1,2024-05-21 12:38:23,KPI_DATA_build_20240521_122912.csv
35,2024-05-21 12:38:23,2024-05-21 12:38:39,1,0,2024-05-21 12:38:50,KPI_DATA_build_20240521_122912.csv
36,2024-05-21 12:38:50,2024-05-21 12:40:35,1,1,2024-05-21 12:40:46,KPI_DATA_build_20240521_122912.csv
37,2024-05-21 12:40:46,2024-05-21 12:41:00,1,0,2024-05-21 12:41:12,KPI_DATA_build_20240521_122912.csv
38,2024-05-21 12:41:12,2024-05-21 12:41:34,2,0,2024-05-21 12:41:46,KPI_DATA_build_20240521_122912.csv
39,2024-05-21 12:41:46,2024-05-21 12:42:08,2,0,2024-05-21 12:42:19,KPI_DATA_build_20240521_122912.csv
40,2024-05-21 12:42:19,2024-05-21 12:44:17,2,1,2024-05-21 12:44:28,KPI_DATA_build_20240521_122912.csv
41,2024-05-21 12:44:28,2024-05-21 12:44:43,1,0,2024-05-21 12:44:54,KPI_DATA_build_20240521_122912.csv
42,2024-05-21 12:44:54,2024-05-21 12:45:17,2,0,2024-05-21 12:45:29,KPI_DATA_build_20240521_122912.csv
43,2024-05-21 12:45:29,2024-05-21 12:45:43,1,0,2024-05-21 12:45:54,KPI_DATA_build_20240521_122912.csv
44,2024-05-21 12:45:54,2024-05-21 12:47:47,3,1,2024-05-21 12:47:59,KPI_DATA_build_20240521_122912.csv
45,2024-05-21 12:47:59,2024-05-21 12:48:14,1,0,2024-05-21 12:48:25,KPI_DATA_build_20240521_122912.csv
46,2024-05-21 12:48:25,2024-05-21 12:50:23,1,1,2024-05-21 12:50:35,KPI_DATA_build_20240521_122912.csv
47,2024-05-21 12:50:35,2024-05-21 12:50:50,1,0,2024-05-21 12:51:02,KPI_DATA_build_20240521_122912.csv
48,2024-05-21 12:51:02,2024-05-21 12:52:35,1,1,2024-05-21 12:52:46,KPI_DATA_build_20240521_122912.csv
49,2024-05-21 12:52:46,2024-05-21 12:53:02,1,0,2024-05-21 12:53:14,KPI_DATA_build_20240521_122912.csv
50,2024-05-21 12:53:14,2024-05-21 12:55:05,2,1,2024-05-21 12:55:17,KPI_DATA_build_20240521_122912.csv
51,2024-05-21 12:55:17,2024-05-21 12:55:32,1,0,2024-05-21 12:55:43,KPI_DATA_build_20240521_122912.csv
52,2024-05-21 12:55:43,2024-05-21 12:56:14,3,0,2024-05-21 12:56:25,KPI_DATA_build_20240521_122912.csv
53,2024-05-21 12:56:25,2024-05-21 12:58:08,1,1,2024-05-21 12:58:19,KPI_DATA_build_20240521_122912.csv
54,2024-05-21 12:58:19,2024-05-21 12:58:41,1,0,2024-05-21 12:58:52,KPI_DATA_build_20240521_122912.csv
55,2024-05-21 12:58:52,2024-05-21 13:08:37,2,0,2024-05-21 13:08:49,KPI_DATA_build_20240521_122912.csv
56,2024-05-21 13:08:49,2024-05-21 13:10:30,1,1,2024-05-21 13:10:41,KPI_DATA_build_20240521_122912.csv
57,2024-05-21 13:10:41,2024-05-21 13:10:54,1,0,2024-05-21 13:11:06,KPI_DATA_build_20240521_122912.csv
58,2024-05-21 13:11:06,2024-05-21 13:11:23,1,0,2024-05-21 13:11:34,KPI_DATA_build_20240521_122912.csv
59,2024-05-21 13:11:34,2024-05-21 13:11:50,1,0,2024-05-21 13:12:01,KPI_DATA_build_20240521_122912.csv
60,2024-05-21 13:12:01,2024-05-21 13:12:26,1,0,2024-05-21 13:12:38,KPI_DATA_build_20240521_122912.csv
61,2024-05-21 13:12:38,2024-05-21 13:14:07,1,1,2024-05-21 13:14:19,KPI_DATA_build_20240521_122912.csv
62,2024-05-21 13:14:19,2024-05-21 13:14:42,2,0,2024-05-21 13:14:53,KPI_DATA_build_20240521_122912.csv
63,2024-05-21 13:14:53,2024-05-21 13:15:17,2,0,2024-05-21 13:15:28,KPI_DATA_build_20240521_122912.csv
64,2024-05-21 13:15:28,2024-05-21 13:17:14,1,1,2024-05-21 13:17:26,KPI_DATA_build_20240521_122912.csv
65,2024-05-21 13:17:26,2024-05-21 13:17:41,1,0,2024-05-21 13:17:53,KPI_DATA_build_20240521_122912.csv
66,2024-05-21 13:17:53,2024-05-21 13:18:22,3,0,2024-05-21 13:18:33,KPI_DATA_build_20240521_122912.csv
67,2024-05-21 13:18:33,2024-05-21 13:19:53,1,1,2024-05-21 13:20:04,KPI_DATA_build_20240521_122912.csv
68,2024-05-21 13:20:04,2024-05-21 13:21:47,1,1,2024-05-21 13:21:58,KPI_DATA_build_20240521_122912.csv
69,2024-05-21 13:21:58,2024-05-21 13:22:17,1,0,2024-05-21 13:22:28,KPI_DATA_build_20240521_122912.csv
70,2024-05-21 13:22:28,2024-05-21 13:24:13,1,1,2024-05-21 13:24:24,KPI_DATA_build_20240521_122912.csv
71,2024-05-21 13:24:24,2024-05-21 13:24:51,2,0,2024-05-21 13:25:02,KPI_DATA_build_20240521_122912.csv
72,2024-05-21 13:25:02,2024-05-21 13:25:16,1,0,2024-05-21 13:25:28,KPI_DATA_build_20240521_122912.csv
73,2024-05-21 13:25:28,2024-05-21 13:25:43,1,0,2024-05-21 13:25:54,KPI_DATA_build_20240521_122912.csv
74,2024-05-21 13:25:54,2024-05-21 13:26:08,1,0,2024-05-21 13:26:20,KPI_DATA_build_20240521_122912.csv
75,2024-05-21 13:26:20,2024-05-21 13:28:05,1,1,2024-05-21 13:28:16,KPI_DATA_build_20240521_122912.csv
76,2024-05-21 13:28:16,2024-05-21 13:28:32,1,0,2024-05-21 13:28:44,KPI_DATA_build_20240521_122912.csv
77,2024-05-21 13:28:44,2024-05-21 13:28:59,1,0,2024-05-21 13:29:11,KPI_DATA_build_20240521_122912.csv
78,2024-05-21 13:29:11,2024-05-21 13:29:25,1,0,2024-05-21 13:29:37,KPI_DATA_build_20240521_122912.csv
79,2024-05-21 13:29:37,2024-05-21 13:33:25,1,3,2024-05-21 13:33:37,KPI_DATA_build_20240521_122912.csv
80,2024-05-21 13:33:37,2024-05-21 13:34:01,1,0,2024-05-21 13:34:13,KPI_DATA_build_20240521_122912.csv
81,2024-05-21 13:34:13,2024-05-21 13:34:31,1,0,2024-05-21 13:34:43,KPI_DATA_build_20240521_122912.csv
82,2024-05-21 13:36:18,2024-05-21 13:38:54,1,0,2024-05-21 13:39:05,KPI_DATA_build_20240521_133615.csv
83,2024-05-21 13:39:05,2024-05-21 13:41:31,2,0,2024-05-21 13:41:43,KPI_DATA_build_20240521_133615.csv
84,2024-05-21 13:41:43,2024-05-21 13:43:30,1,1,2024-05-21 13:43:41,KPI_DATA_build_20240521_133615.csv
85,2024-05-21 13:43:41,2024-05-21 13:44:25,2,0,2024-05-21 13:44:37,KPI_DATA_build_20240521_133615.csv
86,2024-05-21 13:44:37,2024-05-21 13:45:11,1,0,2024-05-21 13:45:23,KPI_DATA_build_20240521_133615.csv
87,2024-05-21 13:45:23,2024-05-21 13:47:12,1,1,2024-05-21 13:47:23,KPI_DATA_build_20240521_133615.csv
88,2024-05-21 13:47:23,2024-05-21 13:47:58,1,0,2024-05-21 13:48:10,KPI_DATA_build_20240521_133615.csv
89,2024-05-21 13:48:10,2024-05-21 13:48:27,1,0,2024-05-21 13:48:39,KPI_DATA_build_20240521_133615.csv
90,2024-05-21 13:48:39,2024-05-21 13:49:01,2,0,2024-05-21 13:49:12,KPI_DATA_build_20240521_133615.csv
91,2024-05-21 13:49:12,2024-05-21 13:49:27,1,0,2024-05-21 13:49:39,KPI_DATA_build_20240521_133615.csv
92,2024-05-21 13:49:39,2024-05-21 13:51:24,1,1,2024-05-21 13:51:36,KPI_DATA_build_20240521_133615.csv
93,2024-05-21 13:51:36,2024-05-21 13:52:00,1,0,2024-05-21 13:52:12,KPI_DATA_build_20240521_133615.csv
94,2024-05-21 13:52:12,2024-05-21 13:52:31,1,0,2024-05-21 13:52:43,KPI_DATA_build_20240521_133615.csv
95,2024-05-21 13:52:43,2024-05-21 13:52:58,1,0,2024-05-21 13:53:10,KPI_DATA_build_20240521_133615.csv
96,2024-05-21 13:53:10,2024-05-21 13:56:35,2,2,2024-05-21 13:56:47,KPI_DATA_build_20240521_133615.csv
97,2024-05-21 13:56:47,2024-05-21 13:57:06,1,0,2024-05-21 13:57:18,KPI_DATA_build_20240521_133615.csv
98,2024-05-21 13:57:18,2024-05-21 13:57:58,2,0,2024-05-21 13:58:10,KPI_DATA_build_20240521_133615.csv
99,2024-05-21 13:58:10,2024-05-21 13:58:33,1,0,2024-05-21 13:58:45,KPI_DATA_build_20240521_133615.csv
100,2024-05-21 13:58:45,2024-05-21 14:01:17,3,1,2024-05-21 14:01:29,KPI_DATA_build_20240521_133615.csv
101,2024-05-21 14:01:29,2024-05-21 14:01:49,1,0,2024-05-21 14:02:01,KPI_DATA_build_20240521_133615.csv
102,2024-05-21 14:02:01,2024-05-21 14:02:57,1,0,2024-05-21 14:03:09,KPI_DATA_build_20240521_133615.csv
103,2024-05-21 14:03:09,2024-05-21 14:04:39,1,0,2024-05-21 14:04:51,KPI_DATA_build_20240521_133615.csv
104,2024-05-21 14:04:51,2024-05-21 14:06:44,2,1,2024-05-21 14:06:56,KPI_DATA_build_20240521_133615.csv
105,2024-05-21 14:06:56,2024-05-21 14:07:20,1,0,2024-05-21 14:07:31,KPI_DATA_build_20240521_133615.csv
106,2024-05-21 14:07:31,2024-05-21 14:09:29,4,1,2024-05-21 14:09:41,KPI_DATA_build_20240521_133615.csv
107,2024-05-21 14:09:41,2024-05-21 14:09:56,1,0,2024-05-21 14:10:08,KPI_DATA_build_20240521_133615.csv
108,2024-05-21 14:10:08,2024-05-21 14:12:46,3,1,2024-05-21 14:12:57,KPI_DATA_build_20240521_133615.csv
109,2024-05-21 14:12:57,2024-05-21 14:13:14,1,0,2024-05-21 14:13:26,KPI_DATA_build_20240521_133615.csv
110,2024-05-21 14:13:26,2024-05-21 14:13:41,1,0,2024-05-21 14:13:53,KPI_DATA_build_20240521_133615.csv
111,2024-05-21 14:13:53,2024-05-21 14:14:09,1,0,2024-05-21 14:14:21,KPI_DATA_build_20240521_133615.csv
112,2024-05-21 14:14:21,2024-05-21 14:16:25,1,1,2024-05-21 14:16:37,KPI_DATA_build_20240521_133615.csv
113,2024-05-21 14:16:37,2024-05-21 14:16:54,1,0,2024-05-21 14:17:06,KPI_DATA_build_20240521_133615.csv
114,2024-05-21 14:17:06,2024-05-21 14:17:24,1,0,2024-05-21 14:17:36,KPI_DATA_build_20240521_133615.csv
115,2024-05-21 14:17:36,2024-05-21 14:17:55,1,0,2024-05-21 14:18:07,KPI_DATA_build_20240521_133615.csv
116,2024-05-21 14:18:07,2024-05-21 14:18:23,1,0,2024-05-21 14:18:35,KPI_DATA_build_20240521_133615.csv
117,2024-05-21 14:18:35,2024-05-21 14:18:54,1,0,2024-05-21 14:19:06,KPI_DATA_build_20240521_133615.csv
118,2024-05-21 14:19:06,2024-05-21 14:20:55,1,1,2024-05-21 14:21:07,KPI_DATA_build_20240521_133615.csv
119,2024-05-21 14:21:07,2024-05-21 14:21:22,1,0,2024-05-21 14:21:34,KPI_DATA_build_20240521_133615.csv
120,2024-05-21 14:21:34,2024-05-21 14:21:50,1,0,2024-05-21 14:22:02,KPI_DATA_build_20240521_133615.csv
121,2024-05-21 14:22:02,2024-05-21 14:23:58,3,1,2024-05-21 14:24:10,KPI_DATA_build_20240521_133615.csv
122,2024-05-21 14:24:10,2024-05-21 14:24:44,2,0,2024-05-21 14:24:56,KPI_DATA_build_20240521_133615.csv
123,2024-05-21 14:24:56,2024-05-21 14:25:21,1,0,2024-05-21 14:25:33,KPI_DATA_build_20240521_133615.csv
124,2024-05-21 14:25:33,2024-05-21 14:27:55,3,1,2024-05-21 14:28:07,KPI_DATA_build_20240521_133615.csv
125,2024-05-21 14:28:07,2024-05-21 14:28:32,1,0,2024-05-21 14:28:44,KPI_DATA_build_20240521_133615.csv
126,2024-05-21 14:28:44,2024-05-21 14:30:50,3,1,2024-05-21 14:31:02,KPI_DATA_build_20240521_133615.csv
127,2024-05-21 14:31:02,2024-05-21 14:31:17,1,0,2024-05-21 14:31:29,KPI_DATA_build_20240521_133615.csv
128,2024-05-21 14:31:29,2024-05-21 14:33:54,6,1,2024-05-21 14:34:06,KPI_DATA_build_20240521_133615.csv
169,2024-05-21 14:34:06,2024-05-21 14:36:53,1,2,2024-05-21 14:37:06,KPI_DATA_build_20240521_133615.csv
170,2024-05-21 14:37:06,2024-05-21 14:38:55,2,1,2024-05-21 14:39:09,KPI_DATA_build_20240521_133615.csv
178,2024-05-21 14:39:09,2024-05-21 14:40:39,1,1,2024-05-21 14:40:51,KPI_DATA_build_20240521_133615.csv
169,2024-05-22 12:14:24,2024-05-22 12:15:56,1,0,2024-05-22 12:16:09,KPI_DATA_build_20240522_121420.csv
170,2024-05-22 12:16:09,2024-05-22 12:16:50,3,0,2024-05-22 12:17:04,KPI_DATA_build_20240522_121420.csv
178,2024-05-22 12:17:04,2024-05-22 12:17:26,2,0,2024-05-22 12:17:37,KPI_DATA_build_20240522_121420.csv
179,2024-05-22 12:17:37,2024-05-22 12:17:57,1,0,2024-05-22 12:18:10,KPI_DATA_build_20240522_121420.csv
180,2024-05-22 12:18:10,2024-05-22 12:19:49,1,1,2024-05-22 12:20:03,KPI_DATA_build_20240522_121420.csv
181,2024-05-22 12:20:03,2024-05-22 12:26:12,3,4,2024-05-22 12:26:25,KPI_DATA_build_20240522_121420.csv
182,2024-05-22 12:26:25,2024-05-22 12:26:42,1,0,2024-05-22 12:26:55,KPI_DATA_build_20240522_121420.csv
183,2024-05-22 12:26:55,2024-05-22 12:28:42,1,1,2024-05-22 12:28:56,KPI_DATA_build_20240522_121420.csv
184,2024-05-22 12:28:56,2024-05-22 12:30:49,3,1,2024-05-22 12:31:02,KPI_DATA_build_20240522_121420.csv
185,2024-05-22 12:31:02,2024-05-22 12:37:31,3,4,2024-05-22 12:37:45,KPI_DATA_build_20240522_121420.csv
187,2024-05-22 12:37:45,2024-05-22 12:38:17,2,0,2024-05-22 12:38:31,KPI_DATA_build_20240522_121420.csv
188,2024-05-22 12:38:31,2024-05-22 12:40:07,1,1,2024-05-22 12:40:21,KPI_DATA_build_20240522_121420.csv
189,2024-05-22 12:40:21,2024-05-22 12:40:37,1,0,2024-05-22 12:40:51,KPI_DATA_build_20240522_121420.csv
190,2024-05-22 12:40:51,2024-05-22 12:42:32,1,1,2024-05-22 12:42:46,KPI_DATA_build_20240522_121420.csv
191,2024-05-22 12:42:46,2024-05-22 12:44:13,1,1,2024-05-22 12:44:27,KPI_DATA_build_20240522_121420.csv
192,2024-05-22 12:44:27,2024-05-22 12:44:41,1,0,2024-05-22 12:44:56,KPI_DATA_build_20240522_121420.csv
193,2024-05-22 12:44:56,2024-05-22 12:46:33,1,1,2024-05-22 12:46:46,KPI_DATA_build_20240522_121420.csv
194,2024-05-22 13:05:14,2024-05-22 13:06:29,1,0,2024-05-22 13:06:42,KPI_DATA_build_20240522_130513.csv
198,2024-05-22 13:06:42,2024-05-22 13:07:00,1,0,2024-05-22 13:07:13,KPI_DATA_build_20240522_130513.csv
199,2024-05-22 13:07:13,2024-05-22 13:09:03,2,1,2024-05-22 13:09:16,KPI_DATA_build_20240522_130513.csv
202,2024-05-22 13:09:16,2024-05-22 13:09:33,1,0,2024-05-22 13:09:46,KPI_DATA_build_20240522_130513.csv
203,2024-05-22 13:09:46,2024-05-22 13:10:02,1,0,2024-05-22 13:10:15,KPI_DATA_build_20240522_130513.csv
204,2024-05-22 13:10:15,2024-05-22 13:13:18,1,2,2024-05-22 13:13:30,KPI_DATA_build_20240522_130513.csv
260,2024-05-22 13:13:30,2024-05-22 13:13:45,1,0,2024-05-22 13:13:57,KPI_DATA_build_20240522_130513.csv
261,2024-05-22 13:13:57,2024-05-22 13:14:11,1,0,2024-05-22 13:14:23,KPI_DATA_build_20240522_130513.csv
262,2024-05-22 13:14:23,2024-05-22 13:16:03,1,1,2024-05-22 13:16:15,KPI_DATA_build_20240522_130513.csv
263,2024-05-22 13:16:15,2024-05-22 13:16:45,3,0,2024-05-22 13:16:57,KPI_DATA_build_20240522_130513.csv
264,2024-05-22 13:16:57,2024-05-22 13:18:40,1,1,2024-05-22 13:18:51,KPI_DATA_build_20240522_130513.csv
265,2024-05-22 13:18:51,2024-05-22 13:23:22,2,3,2024-05-22 13:23:33,KPI_DATA_build_20240522_130513.csv
266,2024-05-22 13:23:33,2024-05-22 13:25:34,3,1,2024-05-22 13:25:46,KPI_DATA_build_20240522_130513.csv
267,2024-05-22 13:25:46,2024-05-22 13:27:05,1,1,2024-05-22 13:27:17,KPI_DATA_build_20240522_130513.csv
268,2024-05-22 13:27:17,2024-05-22 13:27:37,1,0,2024-05-22 13:27:48,KPI_DATA_build_20240522_130513.csv
269,2024-05-22 13:27:48,2024-05-22 13:29:24,1,1,2024-05-22 13:29:36,KPI_DATA_build_20240522_130513.csv
270,2024-05-22 13:29:36,2024-05-22 13:29:52,1,0,2024-05-22 13:30:04,KPI_DATA_build_20240522_130513.csv
271,2024-05-22 13:30:04,2024-05-22 13:31:49,2,1,2024-05-22 13:32:00,KPI_DATA_build_20240522_130513.csv
272,2024-05-22 13:32:00,2024-05-22 13:32:14,1,0,2024-05-22 13:32:26,KPI_DATA_build_20240522_130513.csv
273,2024-05-22 13:32:26,2024-05-22 13:34:21,2,1,2024-05-22 13:34:33,KPI_DATA_build_20240522_130513.csv
274,2024-05-22 13:34:33,2024-05-22 13:34:47,1,0,2024-05-22 13:35:01,KPI_DATA_build_20240522_130513.csv
275,2024-05-22 13:35:01,2024-05-22 13:39:38,4,3,2024-05-22 13:39:53,KPI_DATA_build_20240522_130513.csv
276,2024-05-22 13:39:53,2024-05-22 13:41:37,2,1,2024-05-22 13:41:49,KPI_DATA_build_20240522_130513.csv
277,2024-05-22 13:41:49,2024-05-22 13:43:40,3,1,2024-05-22 13:43:52,KPI_DATA_build_20240522_130513.csv
278,2024-05-22 13:43:52,2024-05-22 13:45:19,1,1,2024-05-22 13:45:33,KPI_DATA_build_20240522_130513.csv
279,2024-05-22 13:45:33,2024-05-22 13:46:55,1,1,2024-05-22 13:47:09,KPI_DATA_build_20240522_130513.csv
280,2024-05-22 13:47:09,2024-05-22 13:48:27,1,1,2024-05-22 13:48:40,KPI_DATA_build_20240522_130513.csv
281,2024-05-22 13:48:40,2024-05-22 13:50:30,2,1,2024-05-22 13:50:44,KPI_DATA_build_20240522_130513.csv
129,2024-05-22 13:50:44,2024-05-22 13:54:20,6,2,2024-05-22 13:54:33,KPI_DATA_build_20240522_130513.csv
130,2024-05-22 13:54:33,2024-05-22 13:54:50,1,0,2024-05-22 13:55:04,KPI_DATA_build_20240522_130513.csv
131,2024-05-22 13:55:04,2024-05-22 13:56:39,1,1,2024-05-22 13:56:52,KPI_DATA_build_20240522_130513.csv
132,2024-05-22 13:56:52,2024-05-22 13:58:43,4,1,2024-05-22 13:58:57,KPI_DATA_build_20240522_130513.csv
133,2024-05-22 13:58:57,2024-05-22 14:01:19,4,1,2024-05-22 14:01:32,KPI_DATA_build_20240522_130513.csv
134,2024-05-22 14:01:32,2024-05-22 14:02:02,1,0,2024-05-22 14:02:15,KPI_DATA_build_20240522_130513.csv
135,2024-05-22 14:02:15,2024-05-22 14:02:30,1,0,2024-05-22 14:02:43,KPI_DATA_build_20240522_130513.csv
136,2024-05-22 14:02:43,2024-05-22 14:04:55,3,1,2024-05-22 14:05:09,KPI_DATA_build_20240522_130513.csv
137,2024-05-22 14:05:09,2024-05-22 14:07:57,8,1,2024-05-22 14:08:11,KPI_DATA_build_20240522_130513.csv
138,2024-05-22 14:08:11,2024-05-22 14:08:38,2,0,2024-05-22 14:08:51,KPI_DATA_build_20240522_130513.csv
139,2024-05-22 14:08:51,2024-05-22 14:11:53,1,2,2024-05-22 14:12:07,KPI_DATA_build_20240522_130513.csv
140,2024-05-22 14:12:07,2024-05-22 14:12:23,1,0,2024-05-22 14:12:37,KPI_DATA_build_20240522_130513.csv
141,2024-05-22 14:12:37,2024-05-22 14:12:50,1,0,2024-05-22 14:13:04,KPI_DATA_build_20240522_130513.csv
142,2024-05-22 14:13:04,2024-05-22 14:15:12,2,1,2024-05-22 14:15:26,KPI_DATA_build_20240522_130513.csv
143,2024-05-22 14:15:26,2024-05-22 14:19:08,4,2,2024-05-22 14:19:21,KPI_DATA_build_20240522_130513.csv
144,2024-05-22 14:19:21,2024-05-22 14:19:39,1,0,2024-05-22 14:19:52,KPI_DATA_build_20240522_130513.csv
145,2024-05-22 14:19:52,2024-05-22 14:20:29,1,0,2024-05-22 14:20:42,KPI_DATA_build_20240522_130513.csv
146,2024-05-22 14:20:42,2024-05-22 14:21:10,2,0,2024-05-22 14:21:23,KPI_DATA_build_20240522_130513.csv
147,2024-05-22 14:21:23,2024-05-22 14:25:00,3,2,2024-05-22 14:25:13,KPI_DATA_build_20240522_130513.csv
148,2024-05-22 14:25:13,2024-05-22 14:36:59,13,6,2024-05-22 14:37:13,KPI_DATA_build_20240522_130513.csv
149,2024-05-22 14:37:13,2024-05-22 14:38:53,1,1,2024-05-22 14:39:06,KPI_DATA_build_20240522_130513.csv
150,2024-05-22 14:39:06,2024-05-22 14:39:32,2,0,2024-05-22 14:39:45,KPI_DATA_build_20240522_130513.csv
151,2024-05-22 14:39:45,2024-05-22 14:40:00,1,0,2024-05-22 14:40:13,KPI_DATA_build_20240522_130513.csv
152,2024-05-22 14:40:13,2024-05-22 14:43:07,2,1,2024-05-22 14:43:20,KPI_DATA_build_20240522_130513.csv
153,2024-05-22 14:43:20,2024-05-22 14:47:05,3,0,2024-05-22 14:47:18,KPI_DATA_build_20240522_130513.csv
154,2024-05-22 14:47:18,2024-05-22 14:48:58,1,1,2024-05-22 14:49:11,KPI_DATA_build_20240522_130513.csv
155,2024-05-22 14:49:11,2024-05-22 14:49:27,1,0,2024-05-22 14:49:40,KPI_DATA_build_20240522_130513.csv
156,2024-05-23 09:32:03,2024-05-23 09:33:16,1,0,2024-05-23 09:33:31,KPI_DATA_build_20240523_093159.csv
157,2024-05-23 09:33:31,2024-05-23 09:33:57,2,0,2024-05-23 09:34:11,KPI_DATA_build_20240523_093159.csv
158,2024-05-23 09:34:11,2024-05-23 09:36:20,4,1,2024-05-23 09:36:34,KPI_DATA_build_20240523_093159.csv
159,2024-05-23 09:36:34,2024-05-23 09:38:01,1,1,2024-05-23 09:38:16,KPI_DATA_build_20240523_093159.csv
160,2024-05-23 09:38:16,2024-05-23 09:39:48,1,1,2024-05-23 09:40:03,KPI_DATA_build_20240523_093159.csv
161,2024-05-23 09:40:03,2024-05-23 09:40:20,1,0,2024-05-23 09:40:36,KPI_DATA_build_20240523_093159.csv
162,2024-05-23 09:40:36,2024-05-23 09:43:29,2,1,2024-05-23 09:43:44,KPI_DATA_build_20240523_093159.csv
163,2024-05-23 09:43:44,2024-05-23 09:44:03,1,0,2024-05-23 09:44:18,KPI_DATA_build_20240523_093159.csv
164,2024-05-23 09:44:18,2024-05-23 09:47:01,4,1,2024-05-23 09:47:16,KPI_DATA_build_20240523_093159.csv
165,2024-05-23 09:55:11,2024-05-23 09:56:54,3,0,2024-05-23 09:57:08,KPI_DATA_build_20240523_095508.csv
166,2024-05-23 09:57:08,2024-05-23 09:57:24,1,0,2024-05-23 09:57:38,KPI_DATA_build_20240523_095508.csv
167,2024-05-23 09:57:38,2024-05-23 09:59:12,1,1,2024-05-23 09:59:26,KPI_DATA_build_20240523_095508.csv
168,2024-05-23 09:59:26,2024-05-23 10:01:29,2,1,2024-05-23 10:01:43,KPI_DATA_build_20240523_095508.csv
171,2024-05-23 10:12:14,2024-05-23 10:13:45,1,0,2024-05-23 10:14:04,KPI_DATA_build_20240523_101210.csv
172,2024-05-23 10:14:04,2024-05-23 10:16:02,2,1,2024-05-23 10:16:22,KPI_DATA_build_20240523_101210.csv
173,2024-05-23 10:16:22,2024-05-23 10:16:53,1,0,2024-05-23 10:17:13,KPI_DATA_build_20240523_101210.csv
174,2024-05-23 10:17:13,2024-05-23 10:20:36,1,2,2024-05-23 10:20:56,KPI_DATA_build_20240523_101210.csv
175,2024-05-23 10:20:56,2024-05-23 10:23:15,3,1,2024-05-23 10:23:35,KPI_DATA_build_20240523_101210.csv
176,2024-05-23 10:23:35,2024-05-23 10:24:13,3,0,2024-05-23 10:24:28,KPI_DATA_build_20240523_101210.csv
177,2024-05-23 10:24:28,2024-05-23 10:31:46,1,5,2024-05-23 10:32:01,KPI_DATA_build_20240523_101210.csv
186,2024-05-23 10:32:01,2024-05-23 10:32:34,2,0,2024-05-23 10:32:55,KPI_DATA_build_20240523_101210.csv
195,2024-05-23 10:32:55,2024-05-23 10:33:21,1,0,2024-05-23 10:33:36,KPI_DATA_build_20240523_101210.csv
196,2024-05-23 10:33:36,2024-05-23 10:33:53,1,0,2024-05-23 10:34:08,KPI_DATA_build_20240523_101210.csv
197,2024-05-23 10:34:08,2024-05-23 10:35:45,1,1,2024-05-23 10:36:06,KPI_DATA_build_20240523_101210.csv
200,2024-05-23 10:36:06,2024-05-23 10:36:23,1,0,2024-05-23 10:36:38,KPI_DATA_build_20240523_101210.csv
201,2024-05-23 10:36:38,2024-05-23 10:41:01,1,3,2024-05-23 10:41:22,KPI_DATA_build_20240523_101210.csv
205,2024-05-23 10:41:22,2024-05-23 10:41:46,1,0,2024-05-23 10:42:01,KPI_DATA_build_20240523_101210.csv
206,2024-05-23 10:42:01,2024-05-23 10:44:12,2,1,2024-05-23 10:44:32,KPI_DATA_build_20240523_101210.csv
207,2024-05-23 10:44:32,2024-05-23 10:44:59,1,0,2024-05-23 10:45:14,KPI_DATA_build_20240523_101210.csv
208,2024-05-23 10:45:14,2024-05-23 10:46:21,1,0,2024-05-23 10:46:36,KPI_DATA_build_20240523_101210.csv
209,2024-05-23 10:46:36,2024-05-23 10:48:27,2,1,2024-05-23 10:48:42,KPI_DATA_build_20240523_101210.csv
210,2024-05-23 10:48:42,2024-05-23 10:50:50,4,1,2024-05-23 10:51:05,KPI_DATA_build_20240523_101210.csv
211,2024-05-23 10:51:05,2024-05-23 10:53:24,2,1,2024-05-23 10:53:44,KPI_DATA_build_20240523_101210.csv
212,2024-05-23 10:53:44,2024-05-23 10:54:04,1,0,2024-05-23 10:54:19,KPI_DATA_build_20240523_101210.csv
213,2024-05-23 10:54:19,2024-05-23 10:54:39,1,0,2024-05-23 10:54:54,KPI_DATA_build_20240523_101210.csv
214,2024-05-23 10:54:54,2024-05-23 10:56:57,2,1,2024-05-23 10:57:12,KPI_DATA_build_20240523_101210.csv
215,2024-05-23 10:57:12,2024-05-23 10:59:34,3,1,2024-05-23 10:59:49,KPI_DATA_build_20240523_101210.csv
216,2024-05-23 10:59:49,2024-05-23 11:00:05,1,0,2024-05-23 11:00:20,KPI_DATA_build_20240523_101210.csv
217,2024-05-23 11:00:20,2024-05-23 11:02:04,2,1,2024-05-23 11:02:19,KPI_DATA_build_20240523_101210.csv
218,2024-05-23 11:02:19,2024-05-23 11:04:05,1,1,2024-05-23 11:04:20,KPI_DATA_build_20240523_101210.csv
219,2024-05-23 11:04:20,2024-05-23 11:04:45,2,0,2024-05-23 11:05:00,KPI_DATA_build_20240523_101210.csv
220,2024-05-23 11:05:00,2024-05-23 11:07:22,3,1,2024-05-23 11:07:37,KPI_DATA_build_20240523_101210.csv
221,2024-05-23 11:07:37,2024-05-23 11:08:19,1,0,2024-05-23 11:08:34,KPI_DATA_build_20240523_101210.csv
222,2024-05-23 11:08:34,2024-05-23 11:08:53,1,0,2024-05-23 11:09:08,KPI_DATA_build_20240523_101210.csv
223,2024-05-23 11:09:08,2024-05-23 11:11:19,1,1,2024-05-23 11:11:33,KPI_DATA_build_20240523_101210.csv
224,2024-05-23 11:11:33,2024-05-23 11:13:39,2,1,2024-05-23 11:13:54,KPI_DATA_build_20240523_101210.csv
225,2024-05-23 11:13:54,2024-05-23 11:14:14,1,0,2024-05-23 11:14:29,KPI_DATA_build_20240523_101210.csv
226,2024-05-23 11:14:29,2024-05-23 11:15:48,1,0,2024-05-23 11:16:02,KPI_DATA_build_20240523_101210.csv
227,2024-05-23 11:16:02,2024-05-23 11:18:29,2,1,2024-05-23 11:18:44,KPI_DATA_build_20240523_101210.csv
228,2024-05-23 11:18:44,2024-05-23 11:19:19,3,0,2024-05-23 11:19:33,KPI_DATA_build_20240523_101210.csv
229,2024-05-23 11:19:33,2024-05-23 11:21:12,1,1,2024-05-23 11:21:27,KPI_DATA_build_20240523_101210.csv
230,2024-05-23 11:21:27,2024-05-23 11:21:45,1,0,2024-05-23 11:22:00,KPI_DATA_build_20240523_101210.csv
231,2024-05-23 11:22:00,2024-05-23 11:23:42,1,1,2024-05-23 11:23:57,KPI_DATA_build_20240523_101210.csv
232,2024-05-23 11:23:57,2024-05-23 11:26:16,4,1,2024-05-23 11:26:30,KPI_DATA_build_20240523_101210.csv
233,2024-05-23 11:26:30,2024-05-23 11:26:56,2,0,2024-05-23 11:27:11,KPI_DATA_build_20240523_101210.csv
234,2024-05-23 11:27:11,2024-05-23 11:29:11,4,1,2024-05-23 11:29:25,KPI_DATA_build_20240523_101210.csv
235,2024-05-23 11:29:25,2024-05-23 11:29:50,1,0,2024-05-23 11:30:05,KPI_DATA_build_20240523_101210.csv
236,2024-05-23 11:30:05,2024-05-23 11:30:32,2,0,2024-05-23 11:30:47,KPI_DATA_build_20240523_101210.csv
237,2024-05-23 11:30:47,2024-05-23 11:31:04,1,0,2024-05-23 11:31:18,KPI_DATA_build_20240523_101210.csv
238,2024-05-23 11:31:18,2024-05-23 11:32:41,1,1,2024-05-23 11:32:55,KPI_DATA_build_20240523_101210.csv
239,2024-05-23 11:32:55,2024-05-23 11:33:17,1,0,2024-05-23 11:33:31,KPI_DATA_build_20240523_101210.csv
240,2024-05-23 11:33:31,2024-05-23 11:35:20,1,1,2024-05-23 11:35:35,KPI_DATA_build_20240523_101210.csv
241,2024-05-23 11:35:35,2024-05-23 11:37:21,2,1,2024-05-23 11:37:36,KPI_DATA_build_20240523_101210.csv
242,2024-05-23 11:37:36,2024-05-23 11:39:09,1,1,2024-05-23 11:39:23,KPI_DATA_build_20240523_101210.csv
243,2024-05-23 11:39:23,2024-05-23 11:41:22,3,1,2024-05-23 11:41:37,KPI_DATA_build_20240523_101210.csv
244,2024-05-23 11:41:37,2024-05-23 11:45:04,2,2,2024-05-23 11:45:19,KPI_DATA_build_20240523_101210.csv
245,2024-05-23 11:45:19,2024-05-23 11:45:35,1,0,2024-05-23 11:45:50,KPI_DATA_build_20240523_101210.csv
246,2024-05-23 11:45:50,2024-05-23 11:46:06,1,0,2024-05-23 11:46:21,KPI_DATA_build_20240523_101210.csv
247,2024-05-23 11:46:21,2024-05-23 11:48:04,2,1,2024-05-23 11:48:19,KPI_DATA_build_20240523_101210.csv
248,2024-05-23 11:48:19,2024-05-23 11:48:36,1,0,2024-05-23 11:48:50,KPI_DATA_build_20240523_101210.csv
249,2024-05-23 11:48:50,2024-05-23 11:49:11,1,0,2024-05-23 11:49:26,KPI_DATA_build_20240523_101210.csv
250,2024-05-23 11:49:26,2024-05-23 11:51:05,2,1,2024-05-23 11:51:20,KPI_DATA_build_20240523_101210.csv
251,2024-05-23 11:51:20,2024-05-23 11:51:36,1,0,2024-05-23 11:51:51,KPI_DATA_build_20240523_101210.csv
252,2024-05-23 11:51:51,2024-05-23 11:52:06,1,0,2024-05-23 11:52:21,KPI_DATA_build_20240523_101210.csv
253,2024-05-23 11:52:21,2024-05-23 11:54:55,1,2,2024-05-23 11:55:10,KPI_DATA_build_20240523_101210.csv
254,2024-05-23 11:55:10,2024-05-23 11:55:36,2,0,2024-05-23 11:55:50,KPI_DATA_build_20240523_101210.csv
255,2024-05-23 12:00:16,2024-05-23 12:01:42,2,0,2024-05-23 12:01:57,KPI_DATA_build_20240523_120015.csv
256,2024-05-23 12:01:57,2024-05-23 12:03:35,2,1,2024-05-23 12:03:50,KPI_DATA_build_20240523_120015.csv
257,2024-05-23 12:03:50,2024-05-23 12:05:28,2,1,2024-05-23 12:05:42,KPI_DATA_build_20240523_120015.csv
258,2024-05-23 12:05:42,2024-05-23 12:06:01,1,0,2024-05-23 12:06:15,KPI_DATA_build_20240523_120015.csv
259,2024-05-23 12:06:15,2024-05-23 12:08:01,2,1,2024-05-23 12:08:15,KPI_DATA_build_20240523_120015.csv
282,2024-05-23 12:08:15,2024-05-23 12:11:23,1,2,2024-05-23 12:11:37,KPI_DATA_build_20240523_120015.csv
283,2024-05-23 12:11:37,2024-05-23 12:11:54,1,0,2024-05-23 12:12:13,KPI_DATA_build_20240523_120015.csv
284,2024-05-23 12:12:13,2024-05-23 12:12:28,1,0,2024-05-23 12:12:42,KPI_DATA_build_20240523_120015.csv
285,2024-05-23 12:12:42,2024-05-23 12:12:59,1,0,2024-05-23 12:13:14,KPI_DATA_build_20240523_120015.csv
286,2024-05-23 12:13:14,2024-05-23 12:16:05,1,2,2024-05-23 12:16:24,KPI_DATA_build_20240523_120015.csv
299,2024-05-23 12:16:24,2024-05-23 12:16:44,1,0,2024-05-23 12:16:58,KPI_DATA_build_20240523_120015.csv
305,2024-05-23 12:16:58,2024-05-23 12:19:08,2,1,2024-05-23 12:19:21,KPI_DATA_build_20240523_120015.csv
306,2024-05-23 12:19:21,2024-05-23 12:21:04,1,1,2024-05-23 12:21:17,KPI_DATA_build_20240523_120015.csv
307,2024-05-23 12:21:17,2024-05-23 12:23:57,5,1,2024-05-23 12:24:10,KPI_DATA_build_20240523_120015.csv
308,2024-05-23 12:24:10,2024-05-23 12:25:56,2,1,2024-05-23 12:26:09,KPI_DATA_build_20240523_120015.csv
309,2024-05-23 12:26:09,2024-05-23 12:27:55,1,1,2024-05-23 12:28:07,KPI_DATA_build_20240523_120015.csv
310,2024-05-23 12:28:07,2024-05-23 12:31:24,4,2,2024-05-23 12:31:38,KPI_DATA_build_20240523_120015.csv
311,2024-05-23 12:31:38,2024-05-23 12:40:31,9,5,2024-05-23 12:40:44,KPI_DATA_build_20240523_120015.csv
312,2024-05-23 12:40:44,2024-05-23 12:42:47,4,1,2024-05-23 12:43:02,KPI_DATA_build_20240523_120015.csv
313,2024-05-23 12:43:02,2024-05-23 12:44:23,1,1,2024-05-23 12:44:43,KPI_DATA_build_20240523_120015.csv
314,2024-05-23 12:44:43,2024-05-23 12:47:38,1,2,2024-05-23 12:47:53,KPI_DATA_build_20240523_120015.csv
315,2024-05-23 12:47:53,2024-05-23 12:48:08,1,0,2024-05-23 12:48:23,KPI_DATA_build_20240523_120015.csv
316,2024-05-23 12:48:23,2024-05-23 12:50:27,3,1,2024-05-23 12:50:45,KPI_DATA_build_20240523_120015.csv
317,2024-05-23 12:50:45,2024-05-23 12:52:37,2,1,2024-05-23 12:52:54,KPI_DATA_build_20240523_120015.csv
318,2024-05-23 12:52:54,2024-05-23 12:55:01,2,1,2024-05-23 12:55:15,KPI_DATA_build_20240523_120015.csv
319,2024-05-23 12:55:15,2024-05-23 12:59:01,4,2,2024-05-23 12:59:14,KPI_DATA_build_20240523_120015.csv
320,2024-05-23 12:59:14,2024-05-23 13:03:36,3,2,2024-05-23 13:03:48,KPI_DATA_build_20240523_120015.csv
321,2024-05-23 13:03:48,2024-05-23 13:08:10,3,2,2024-05-23 13:08:23,KPI_DATA_build_20240523_120015.csv
322,2024-05-23 13:08:23,2024-05-23 13:08:50,2,0,2024-05-23 13:09:03,KPI_DATA_build_20240523_120015.csv
323,2024-05-23 13:09:03,2024-05-23 13:14:55,4,4,2024-05-23 13:15:10,KPI_DATA_build_20240523_120015.csv
324,2024-05-23 13:15:10,2024-05-23 13:15:27,1,0,2024-05-23 13:15:39,KPI_DATA_build_20240523_120015.csv
325,2024-05-23 13:15:39,2024-05-23 13:17:11,2,1,2024-05-23 13:17:24,KPI_DATA_build_20240523_120015.csv
326,2024-05-23 13:17:24,2024-05-23 13:20:09,1,2,2024-05-23 13:20:22,KPI_DATA_build_20240523_120015.csv
327,2024-05-23 13:20:22,2024-05-23 13:25:29,5,3,2024-05-23 13:25:42,KPI_DATA_build_20240523_120015.csv
328,2024-05-23 13:25:42,2024-05-23 13:26:16,1,0,2024-05-23 13:26:34,KPI_DATA_build_20240523_120015.csv
334,2024-05-23 13:26:34,2024-05-23 13:31:49,2,3,2024-05-23 13:32:04,KPI_DATA_build_20240523_120015.csv
335,2024-05-23 13:32:04,2024-05-23 13:37:41,6,3,2024-05-23 13:37:56,KPI_DATA_build_20240523_120015.csv
336,2024-05-23 13:37:56,2024-05-23 13:38:18,2,0,2024-05-23 13:38:30,KPI_DATA_build_20240523_120015.csv
337,2024-05-23 13:38:30,2024-05-23 13:40:09,1,1,2024-05-23 13:40:27,KPI_DATA_build_20240523_120015.csv
355,2024-05-23 13:40:27,2024-05-23 13:42:04,2,1,2024-05-23 13:42:18,KPI_DATA_build_20240523_120015.csv
356,2024-05-23 13:42:18,2024-05-23 13:42:35,1,0,2024-05-23 13:42:49,KPI_DATA_build_20240523_120015.csv
357,2024-05-23 13:42:49,2024-05-23 13:46:49,2,3,2024-05-23 13:47:04,KPI_DATA_build_20240523_120015.csv
358,2024-05-23 13:47:04,2024-05-23 13:47:18,1,0,2024-05-23 13:47:31,KPI_DATA_build_20240523_120015.csv
359,2024-05-23 13:47:31,2024-05-23 13:51:51,2,3,2024-05-23 13:52:06,KPI_DATA_build_20240523_120015.csv
360,2024-05-23 13:52:06,2024-05-23 13:58:27,2,5,2024-05-23 13:58:41,KPI_DATA_build_20240523_120015.csv
361,2024-05-23 13:58:41,2024-05-23 14:01:43,3,2,2024-05-23 14:01:58,KPI_DATA_build_20240523_120015.csv
362,2024-05-23 14:01:58,2024-05-23 14:05:26,3,2,2024-05-23 14:05:40,KPI_DATA_build_20240523_120015.csv
363,2024-05-23 14:05:40,2024-05-23 14:05:56,1,0,2024-05-23 14:06:11,KPI_DATA_build_20240523_120015.csv
364,2024-05-23 14:06:11,2024-05-23 14:09:30,3,2,2024-05-23 14:09:45,KPI_DATA_build_20240523_120015.csv
365,2024-05-23 14:09:45,2024-05-23 14:11:57,3,1,2024-05-23 14:12:12,KPI_DATA_build_20240523_120015.csv
366,2024-05-23 14:12:12,2024-05-23 14:14:24,2,1,2024-05-23 14:14:38,KPI_DATA_build_20240523_120015.csv
367,2024-05-23 14:14:38,2024-05-23 14:18:19,4,2,2024-05-23 14:18:33,KPI_DATA_build_20240523_120015.csv
287,2024-05-23 14:18:33,2024-05-23 14:20:26,2,1,2024-05-23 14:20:39,KPI_DATA_build_20240523_120015.csv
288,2024-05-23 14:20:39,2024-05-23 14:22:40,2,1,2024-05-23 14:22:53,KPI_DATA_build_20240523_120015.csv
289,2024-05-23 14:22:53,2024-05-23 14:27:41,2,3,2024-05-23 14:27:56,KPI_DATA_build_20240523_120015.csv
290,2024-05-23 14:27:56,2024-05-23 14:28:34,2,0,2024-05-23 14:28:49,KPI_DATA_build_20240523_120015.csv
291,2024-05-23 14:28:49,2024-05-23 14:30:39,1,1,2024-05-23 14:30:54,KPI_DATA_build_20240523_120015.csv
292,2024-05-23 14:30:54,2024-05-23 14:33:15,2,1,2024-05-23 14:33:27,KPI_DATA_build_20240523_120015.csv
293,2024-05-23 14:33:27,2024-05-23 14:33:46,1,0,2024-05-23 14:33:59,KPI_DATA_build_20240523_120015.csv
294,2024-05-23 14:33:59,2024-05-23 14:36:20,3,1,2024-05-23 14:36:33,KPI_DATA_build_20240523_120015.csv
295,2024-05-23 14:36:33,2024-05-23 14:36:56,2,0,2024-05-23 14:37:09,KPI_DATA_build_20240523_120015.csv
296,2024-05-23 14:37:09,2024-05-23 14:39:03,2,1,2024-05-23 14:39:16,KPI_DATA_build_20240523_120015.csv
297,2024-05-23 14:39:16,2024-05-23 14:41:19,2,1,2024-05-23 14:41:38,KPI_DATA_build_20240523_120015.csv
298,2024-05-23 14:41:38,2024-05-23 14:41:57,1,0,2024-05-23 14:42:17,KPI_DATA_build_20240523_120015.csv
300,2024-05-23 14:42:17,2024-05-23 14:46:05,5,2,2024-05-23 14:46:23,KPI_DATA_build_20240523_120015.csv
301,2024-05-23 14:46:23,2024-05-23 14:46:48,1,0,2024-05-23 14:47:06,KPI_DATA_build_20240523_120015.csv
302,2024-05-23 14:47:06,2024-05-23 14:50:55,5,2,2024-05-23 14:51:13,KPI_DATA_build_20240523_120015.csv
303,2024-05-23 14:51:13,2024-05-23 14:51:30,1,0,2024-05-23 14:51:48,KPI_DATA_build_20240523_120015.csv
304,2024-05-23 14:51:48,2024-05-23 14:52:47,2,0,2024-05-23 14:53:05,KPI_DATA_build_20240523_120015.csv
329,2024-05-23 14:53:05,2024-05-23 14:56:48,4,2,2024-05-23 14:57:00,KPI_DATA_build_20240523_120015.csv
330,2024-05-23 14:57:00,2024-05-23 14:57:39,3,0,2024-05-23 14:57:51,KPI_DATA_build_20240523_120015.csv
331,2024-05-23 14:57:51,2024-05-23 15:00:53,1,2,2024-05-23 15:01:06,KPI_DATA_build_20240523_120015.csv
332,2024-05-23 15:01:06,2024-05-23 15:01:30,1,0,2024-05-23 15:01:43,KPI_DATA_build_20240523_120015.csv
333,2024-05-23 15:01:43,2024-05-23 15:02:11,2,0,2024-05-23 15:02:31,KPI_DATA_build_20240523_120015.csv
338,2024-05-23 15:02:31,2024-05-23 15:06:50,2,3,2024-05-23 15:07:10,KPI_DATA_build_20240523_120015.csv
339,2024-05-23 15:07:10,2024-05-23 15:11:07,4,2,2024-05-23 15:11:21,KPI_DATA_build_20240523_120015.csv
340,2024-05-23 15:11:21,2024-05-23 15:14:11,1,2,2024-05-23 15:14:25,KPI_DATA_build_20240523_120015.csv
341,2024-05-23 15:14:25,2024-05-23 15:14:40,1,0,2024-05-23 15:14:53,KPI_DATA_build_20240523_120015.csv
342,2024-05-23 15:14:53,2024-05-23 15:16:42,1,1,2024-05-23 15:16:55,KPI_DATA_build_20240523_120015.csv
343,2024-05-23 15:16:55,2024-05-23 15:20:33,4,2,2024-05-23 15:20:46,KPI_DATA_build_20240523_120015.csv
344,2024-05-23 15:20:46,2024-05-23 15:21:02,1,0,2024-05-23 15:21:20,KPI_DATA_build_20240523_120015.csv
345,2024-05-23 15:21:20,2024-05-23 15:25:24,1,2,2024-05-23 15:25:36,KPI_DATA_build_20240523_120015.csv
346,2024-05-23 15:25:36,2024-05-23 15:29:28,4,2,2024-05-23 15:29:46,KPI_DATA_build_20240523_120015.csv
347,2024-05-23 15:29:46,2024-05-23 15:30:06,1,0,2024-05-23 15:30:19,KPI_DATA_build_20240523_120015.csv
348,2024-05-23 15:30:19,2024-05-23 15:35:04,3,3,2024-05-23 15:35:17,KPI_DATA_build_20240523_120015.csv
349,2024-05-23 15:35:17,2024-05-23 15:39:01,4,2,2024-05-23 15:39:15,KPI_DATA_build_20240523_120015.csv
350,2024-05-23 15:39:15,2024-05-23 15:40:50,1,1,2024-05-23 15:41:03,KPI_DATA_build_20240523_120015.csv
351,2024-05-23 15:41:03,2024-05-23 15:41:22,1,0,2024-05-23 15:41:35,KPI_DATA_build_20240523_120015.csv
352,2024-05-23 15:41:35,2024-05-23 15:43:22,1,1,2024-05-23 15:43:35,KPI_DATA_build_20240523_120015.csv
353,2024-05-23 15:43:35,2024-05-23 15:47:28,5,2,2024-05-23 15:47:41,KPI_DATA_build_20240523_120015.csv
354,2024-05-23 15:47:41,2024-05-23 15:47:59,1,0,2024-05-23 15:48:19,KPI_DATA_build_20240523_120015.csv
368,2024-05-23 15:48:19,2024-05-23 15:50:23,4,1,2024-05-23 15:50:37,KPI_DATA_build_20240523_120015.csv
369,2024-05-23 15:50:37,2024-05-23 15:52:25,2,1,2024-05-23 15:52:40,KPI_DATA_build_20240523_120015.csv
370,2024-05-23 15:52:40,2024-05-23 15:55:01,4,1,2024-05-23 15:55:16,KPI_DATA_build_20240523_120015.csv
371,2024-05-23 15:55:16,2024-05-23 15:55:35,1,0,2024-05-23 15:55:50,KPI_DATA_build_20240523_120015.csv
372,2024-05-23 15:55:50,2024-05-23 15:56:04,1,0,2024-05-23 15:56:19,KPI_DATA_build_20240523_120015.csv
373,2024-05-23 15:56:19,2024-05-23 15:58:29,2,1,2024-05-23 15:58:44,KPI_DATA_build_20240523_120015.csv
374,2024-05-23 15:58:44,2024-05-23 16:00:32,1,1,2024-05-23 16:00:46,KPI_DATA_build_20240523_120015.csv
375,2024-05-23 16:00:46,2024-05-23 16:04:26,2,2,2024-05-23 16:04:40,KPI_DATA_build_20240523_120015.csv
376,2024-05-23 16:04:40,2024-05-23 16:04:57,1,0,2024-05-23 16:05:11,KPI_DATA_build_20240523_120015.csv
377,2024-05-23 16:05:11,2024-05-23 16:08:09,3,2,2024-05-23 16:08:24,KPI_DATA_build_20240523_120015.csv
378,2024-05-23 16:08:24,2024-05-23 16:08:47,2,0,2024-05-23 16:09:02,KPI_DATA_build_20240523_120015.csv
379,2024-05-23 16:09:02,2024-05-23 16:11:10,5,1,2024-05-23 16:11:25,KPI_DATA_build_20240523_120015.csv
380,2024-05-23 16:11:25,2024-05-23 16:11:55,3,0,2024-05-23 16:12:10,KPI_DATA_build_20240523_120015.csv
381,2024-05-23 16:12:10,2024-05-23 16:12:25,1,0,2024-05-23 16:12:38,KPI_DATA_build_20240523_120015.csv
382,2024-05-23 16:12:38,2024-05-23 16:14:20,2,1,2024-05-23 16:14:35,KPI_DATA_build_20240523_120015.csv
383,2024-05-23 16:14:35,2024-05-23 16:14:51,1,0,2024-05-23 16:15:06,KPI_DATA_build_20240523_120015.csv
384,2024-05-23 16:15:06,2024-05-23 16:16:22,5,0,2024-05-23 16:16:36,KPI_DATA_build_20240523_120015.csv
385,2024-05-23 16:16:36,2024-05-23 16:18:12,2,1,2024-05-23 16:18:27,KPI_DATA_build_20240523_120015.csv
386,2024-05-23 16:18:27,2024-05-23 16:19:20,5,0,2024-05-23 16:19:32,KPI_DATA_build_20240523_120015.csv
387,2024-05-23 16:19:32,2024-05-23 16:21:33,1,1,2024-05-23 16:21:48,KPI_DATA_build_20240523_120015.csv
388,2024-05-23 16:21:48,2024-05-23 16:22:04,1,0,2024-05-23 16:22:18,KPI_DATA_build_20240523_120015.csv
389,2024-05-23 16:22:18,2024-05-23 16:24:24,4,1,2024-05-23 16:24:39,KPI_DATA_build_20240523_120015.csv
390,2024-05-23 16:24:39,2024-05-23 16:25:11,3,0,2024-05-23 16:25:26,KPI_DATA_build_20240523_120015.csv
391,2024-05-23 16:25:26,2024-05-23 16:25:49,2,0,2024-05-23 16:26:03,KPI_DATA_build_20240523_120015.csv
392,2024-05-23 16:26:03,2024-05-23 16:28:22,2,1,2024-05-23 16:28:36,KPI_DATA_build_20240523_120015.csv
393,2024-05-23 16:28:36,2024-05-23 16:29:18,4,0,2024-05-23 16:29:32,KPI_DATA_build_20240523_120015.csv
394,2024-05-23 16:29:32,2024-05-23 16:31:39,3,1,2024-05-23 16:31:54,KPI_DATA_build_20240523_120015.csv
395,2024-05-23 16:31:54,2024-05-23 16:32:09,1,0,2024-05-23 16:32:24,KPI_DATA_build_20240523_120015.csv
396,2024-05-23 16:32:24,2024-05-23 16:32:54,3,0,2024-05-23 16:33:09,KPI_DATA_build_20240523_120015.csv
397,2024-05-23 16:33:09,2024-05-23 16:35:27,6,1,2024-05-23 16:35:42,KPI_DATA_build_20240523_120015.csv
398,2024-05-23 16:35:42,2024-05-23 16:36:05,1,0,2024-05-23 16:36:19,KPI_DATA_build_20240523_120015.csv
399,2024-05-23 16:36:19,2024-05-23 16:39:19,1,2,2024-05-23 16:39:33,KPI_DATA_build_20240523_120015.csv
400,2024-05-23 16:39:33,2024-05-23 16:40:02,1,0,2024-05-23 16:40:15,KPI_DATA_build_20240523_120015.csv
401,2024-05-23 16:40:15,2024-05-23 16:40:42,1,0,2024-05-23 16:40:55,KPI_DATA_build_20240523_120015.csv
402,2024-05-23 16:40:55,2024-05-23 16:41:09,1,0,2024-05-23 16:41:22,KPI_DATA_build_20240523_120015.csv
403,2024-05-23 16:41:22,2024-05-23 16:44:04,1,2,2024-05-23 16:44:19,KPI_DATA_build_20240523_120015.csv
404,2024-05-23 16:44:19,2024-05-23 16:44:53,1,0,2024-05-23 16:45:07,KPI_DATA_build_20240523_120015.csv
405,2024-05-23 16:45:07,2024-05-23 16:45:30,2,0,2024-05-23 16:45:45,KPI_DATA_build_20240523_120015.csv
406,2024-05-23 16:45:45,2024-05-23 16:45:59,1,0,2024-05-23 16:46:12,KPI_DATA_build_20240523_120015.csv
407,2024-05-23 16:46:12,2024-05-23 16:46:35,2,0,2024-05-23 16:46:48,KPI_DATA_build_20240523_120015.csv
408,2024-05-23 16:46:48,2024-05-23 16:48:44,2,1,2024-05-23 16:48:59,KPI_DATA_build_20240523_120015.csv
409,2024-05-23 16:48:59,2024-05-23 16:49:21,2,0,2024-05-23 16:49:34,KPI_DATA_build_20240523_120015.csv
410,2024-05-23 16:49:34,2024-05-23 16:49:58,2,0,2024-05-23 16:50:11,KPI_DATA_build_20240523_120015.csv
411,2024-05-23 16:50:11,2024-05-23 16:51:58,1,1,2024-05-23 16:52:12,KPI_DATA_build_20240523_120015.csv
412,2024-05-23 16:52:12,2024-05-23 16:52:27,1,0,2024-05-23 16:52:40,KPI_DATA_build_20240523_120015.csv
413,2024-05-23 16:52:40,2024-05-23 16:53:18,1,0,2024-05-23 16:53:31,KPI_DATA_build_20240523_120015.csv
414,2024-05-23 16:53:31,2024-05-23 16:53:46,1,0,2024-05-23 16:53:59,KPI_DATA_build_20240523_120015.csv
415,2024-05-23 16:53:59,2024-05-23 16:54:24,1,0,2024-05-23 16:54:42,KPI_DATA_build_20240523_120015.csv
416,2024-05-23 16:54:42,2024-05-23 16:55:00,1,0,2024-05-23 16:55:13,KPI_DATA_build_20240523_120015.csv
417,2024-05-23 16:55:13,2024-05-23 16:55:36,2,0,2024-05-23 16:55:50,KPI_DATA_build_20240523_120015.csv
