,x-Cordinates [px],y-Cordinates [px],Angle [rad],Brick Colour,Brick Type,Standard Deviation x,Standard Deviation y,Standard Deviation Angle,Frame
0,426.25,63.0,0.010391243648984416,yellow,2x4 brick,0.25,2.5,0.28140271609188156,0
1,401.25,419.0,-0.013785994900954376,white,2x4 brick,0.25,0.5,0.25722547754194275,0
2,88.5,263.75,0.059486784123982644,red,2x4 brick,0.5,0.75,0.3304982565668798,0
3,55.5,127.0,0.339698759822293,yellow,2x4 brick,0.5,2.5,0.6107102322651901,0
4,259.75,73.5,0.1168249029876674,yellow,1x2 brick,0.25,2.5,0.38783637543056454,0
5,180.5,301.5,-0.27101147244289714,white,2x2 brick,0.5,0.5,0.0,0
0,426.25,63.0,0.2036182124977033,yellow,2x4 brick,0.25,2.5,0.2871122303195269,1
1,401.25,419.0,0.17799144663126434,white,2x4 brick,0.25,0.5,0.2803055778743765,1
2,88.5,263.75,0.25290165654424557,red,2x4 brick,0.5,0.75,0.30587672265656185,1
3,55.5,127.125,0.5329016486281899,yellow,2x4 brick,0.5,2.381569860407206,0.49897617656722676,1
4,259.625,73.375,0.30928991323087085,yellow,1x2 brick,0.21650635094610965,2.6309456474811483,0.33503926220888697,1
5,180.5,301.375,-0.07559886238927144,white,2x2 brick,0.5,0.649519052838329,0.3333550945424805,1
0,426.25,63.0,0.138025835126847,yellow,2x4 brick,0.25,2.5,0.3011075987030826,2
1,401.25,419.0,0.11220178071771474,white,2x4 brick,0.25,0.5,0.2887691374817419,2
2,88.5,263.6666666666667,0.1878928777553123,red,2x4 brick,0.5,0.8498365855987975,0.32939574973783614,2
3,55.5,127.08333333333333,0.47179266058531866,yellow,2x4 brick,0.5,2.2623119934163713,0.5521506176523779,2
4,259.6666666666667,73.33333333333333,0.2439152558181348,yellow,1x2 brick,0.23570226039551584,2.6718699236468995,0.366699801101438,2
5,180.5,301.4166666666667,-0.14317227732241108,white,2x2 brick,0.5,0.6066758241067098,0.28847197238161043,2
0,426.25,63.0,0.10611714770044087,yellow,2x4 brick,0.25,2.5,0.30144757137220457,3
1,401.25,419.0,0.08003053917063374,white,2x4 brick,0.25,0.5,0.2861116743533978,3
2,88.5,263.6875,0.15582555801696757,red,2x4 brick,0.5,0.8267972847076845,0.33438666676421597,3
3,55.5,127.0625,0.43804207451489174,yellow,2x4 brick,0.5,2.1999644883497553,0.5696217035446345,3
4,259.625,73.3125,0.21218945597923464,yellow,1x2 brick,0.21650635094610965,2.6918569334197535,0.3762169813737064,3
5,180.5,301.4375,-0.17516752508588954,white,2x2 brick,0.5,0.582961190818051,0.2558967502248545,3
0,426.25,63.0,0.0869807669531856,yellow,2x4 brick,0.25,2.5,0.300006276162082,4
1,401.25,419.0,0.06097038729521943,white,2x4 brick,0.25,0.5,0.28288122478912187,4
2,88.5,263.7,0.13666296395693633,red,2x4 brick,0.5,0.812403840463596,0.33591034526061875,4
3,55.5,127.05,0.4194643337171451,yellow,2x4 brick,0.5,2.1615966321217286,0.5804200725974957,4
4,259.65,73.3,0.19311833044786783,yellow,1x2 brick,0.22912878474779202,2.703701166919155,0.38048784532548796,4
5,180.5,301.45,-0.19433631455729106,white,2x2 brick,0.5,0.5678908345800274,0.23206957443772958,4
0,426.25,63.0,0.07384732916070319,yellow,2x4 brick,0.25,2.5,0.29875021250800227,5
1,401.25,419.0,0.0477544314265382,white,2x4 brick,0.25,0.5,0.2802809894267686,5
2,88.5,263.6666666666667,0.11725171528144133,red,2x4 brick,0.5,0.8498365855987975,0.33235375135848405,5
3,55.5,127.04166666666667,0.40832206172386615,yellow,2x4 brick,0.5,2.1355945047899167,0.5891145238205259,5
4,259.625,73.29166666666667,0.18005103631497568,yellow,1x2 brick,0.21650635094610965,2.7115365672539906,0.3831944767066993,5
5,180.5,301.4166666666667,-0.20781723844324018,white,2x2 brick,0.5,0.6066758241067098,0.21398344802153393,5
0,426.25,63.0,0.058587029339726385,yellow,2x4 brick,0.25,2.5,0.30495446106391055,6
1,401.25,419.0,0.03255488235747063,white,2x4 brick,0.25,0.5,0.28553385194201086,6
2,88.5,263.64285714285717,0.10232222717048185,red,2x4 brick,0.5,0.8748177652797063,0.34008875283423384,6
3,55.5,127.07142857142857,0.39239835967966397,yellow,2x4 brick,0.5,2.1535447759544764,0.6002283992668267,6
4,259.60714285714283,73.32142857142857,0.16478366889663976,yellow,1x2 brick,0.2051629516620724,2.6833291080374058,0.3922094195490706,6
5,180.5,301.39285714285717,-0.22928251058816768,white,2x2 brick,0.5,0.6318502147483618,0.20496875312727578,6
0,426.25,63.0,0.05312225573575781,yellow,2x4 brick,0.25,2.5,0.30194781547018257,7
1,401.25,419.0,0.02701118078863942,white,2x4 brick,0.25,0.5,0.2817566660734567,7
2,88.5,263.65625,0.09738575598071719,red,2x4 brick,0.5,0.8609360821222444,0.33848648349117216,7
3,55.5,127.09375,0.3875621689767108,yellow,2x4 brick,0.5,2.166641626457869,0.602337425194132,7
4,259.65625,73.3125,0.15964179783463966,yellow,1x2 brick,0.2914805954090255,2.6918569334197535,0.39164738569376684,7
5,180.5,301.40625,-0.23338812528281744,white,2x2 brick,0.5,0.6179287479151622,0.192038169494707,7
0,426.25,63.0,0.0914467684554,yellow,2x4 brick,0.25,2.5,0.3066757348364892,8
1,401.25,419.0,0.06521379678527955,white,2x4 brick,0.25,0.5,0.290215004595077,8
2,88.5,263.6666666666667,0.13650205901242385,red,2x4 brick,0.5,0.8498365855987975,0.33825959665498867,8
3,55.5,127.11111111111111,0.42661241163206265,yellow,2x4 brick,0.5,2.1249546109894752,0.5837908407838774,8
4,259.6388888888889,73.30555555555556,0.19795193943423314,yellow,1x2 brick,0.2791632116978025,2.6984506299854987,0.38481935417392377,8
5,180.5,301.44444444444446,-0.19448824470761084,white,2x2 brick,0.5,0.6431020501550125,0.24817294145643368,8
0,426.25,63.0,0.08378534787553542,yellow,2x4 brick,0.25,2.5,0.3047160685151984,9
1,401.25,419.0,0.05756030555673499,white,2x4 brick,0.25,0.5,0.28744913875813427,9
2,88.5,263.675,0.1291192512699317,red,2x4 brick,0.5,0.8407585860400117,0.33767888803576146,9
3,55.5,127.125,0.4189017491635595,yellow,2x4 brick,0.5,2.13819433167334,0.5871053225815314,9
4,259.65,73.3,0.19013097596925047,yellow,1x2 brick,0.27838821814150105,2.7037011669191546,0.38525473796132775,9
5,180.5,301.525,-0.2012664516273759,white,2x2 brick,0.5,0.6609652033201142,0.23631403848575938,9
0,426.25,63.0,0.07751691285564623,yellow,2x4 brick,0.25,2.5,0.3029592065021262,10
1,401.25,419.0,0.051331769024654396,white,2x4 brick,0.25,0.5,0.2850354969416025,10
2,88.5,263.6818181818182,0.12338675575068897,red,2x4 brick,0.5,0.8331955809010619,0.3373273372712147,10
3,55.5,127.11363636363636,0.4126726539520527,yellow,2x4 brick,0.5,2.126306112945738,0.5898025300830176,10
4,259.6363636363636,73.29545454545455,0.18386364521153473,yellow,1x2 brick,0.26891271741361894,2.7079810112009266,0.385601647998016,10
5,180.5,301.5,-0.2068122572890018,white,2x2 brick,0.5,0.674199862463242,0.22599806988365406,10
0,426.25,63.0,0.07215421047649752,yellow,2x4 brick,0.25,2.5,0.30128717599832483,11
1,401.25,419.0,0.04611069531425268,white,2x4 brick,0.25,0.5,0.2828826830559764,11
2,88.5,263.6875,0.11860967615132002,red,2x4 brick,0.5,0.8267972847076845,0.3369596092483098,11
3,55.5,127.14583333333333,0.4075173398488375,yellow,2x4 brick,0.5,2.1187612667678146,0.5920241810923615,11
4,259.625,73.29166666666667,0.1786628025854123,yellow,1x2 brick,0.2602082499332666,2.7115365672539906,0.3858312852786186,11
5,180.5,301.5,-0.21143376200702346,white,2x2 brick,0.5,0.6614378277661477,0.21691889803101047,11
0,426.25,63.0,0.09712968111334923,yellow,2x4 brick,0.25,2.5,0.3035192964869078,12
1,401.25,419.0,0.07109714789526891,white,2x4 brick,0.25,0.5,0.28753441366038024,12
2,88.5,263.6923076923077,0.14380626670883634,red,2x4 brick,0.5,0.8213137116947162,0.3356548972885242,12
3,55.5,127.15384615384616,0.43300792732824284,yellow,2x4 brick,0.5,2.129324697794832,0.5793560807397482,12
4,259.61538461538464,73.28846153846153,0.2035186406280662,yellow,1x2 brick,0.2522091740116154,2.714537348748674,0.38056316035239357,12
5,180.5,301.5192307692308,-0.18629357936429025,white,2x2 brick,0.5,0.6719771234483134,0.2500072638327838,12
0,426.25,63.0,0.09124940555046589,yellow,2x4 brick,0.25,2.5,0.30245139394582515,13
1,401.25,419.0,0.06524383945261207,white,2x4 brick,0.25,0.5,0.2858866709714557,13
2,88.5,263.69642857142856,0.13809449075579472,red,2x4 brick,0.5,0.8165616689409769,0.3356147047994442,13
3,55.5,127.16071428571429,0.4274511128116653,yellow,2x4 brick,0.5,2.1046444025593707,0.582506895920917,13
4,259.60714285714283,73.28571428571429,0.1976302648091229,yellow,1x2 brick,0.2448448071571801,2.7171038002300336,0.3813544609401475,13
5,180.5,301.51785714285717,-0.1917204889743596,white,2x2 brick,0.5,0.6611967350562007,0.24170633907989972,13
0,426.25,63.0,0.08615736788096667,yellow,2x4 brick,0.25,2.5,0.3014241563695572,14
1,401.25,419.0,0.06008370109037568,white,2x4 brick,0.25,0.5,0.2842900999380711,14
2,88.5,263.68333333333334,0.1330953891081566,red,2x4 brick,0.5,0.8314979788844283,0.3354546562848573,14
3,55.5,127.16666666666667,0.422522196656253,yellow,2x4 brick,0.5,2.1147629234082537,0.5850652542665108,14
4,259.6,73.28333333333333,0.19256153422175537,yellow,1x2 brick,0.23804761428476165,2.719323853869234,0.3819841777747035,14
5,180.5,301.51666666666665,-0.19641428491909335,white,2x2 brick,0.5,0.6517071598672383,0.23417002686048052,14
0,426.25,63.0,0.08177106494545919,yellow,2x4 brick,0.25,2.5,0.3003767084913078,15
1,401.25,419.0,0.05573003432448351,white,2x4 brick,0.25,0.5,0.2827947416402466,15
2,88.5,263.6875,0.12896715698110012,red,2x4 brick,0.5,0.8267972847076845,0.3353154858246097,15
3,55.5,127.171875,0.41809460180255753,yellow,2x4 brick,0.5,2.1235633930671813,0.587013461214552,15
4,259.59375,73.28125,0.18808182977292687,yellow,1x2 brick,0.23175620272173947,2.721263206215084,0.38230843879822973,15
5,180.5,301.546875,-0.2003872919487173,white,2x2 brick,0.5,0.6417672743097765,0.22725568895015566,15
0,426.25,63.0,0.07783143745619865,yellow,2x4 brick,0.25,2.5,0.29947078907461905,16
1,401.25,419.0,0.051757931515311974,white,2x4 brick,0.25,0.5,0.2814453125512442,16
2,88.5,263.69117647058823,0.12515355056317926,red,2x4 brick,0.5,0.822609780643941,0.3351453100595506,16
3,55.5,127.16176470588235,0.4144723737476883,yellow,2x4 brick,0.5,2.147914817278315,0.5891081516367902,16
4,259.5882352941176,73.27941176470588,0.18416689055797011,yellow,1x2 brick,0.22591605140790025,2.722971928714557,0.38271674323967947,16
5,180.5,301.54411764705884,-0.2040274697108669,white,2x2 brick,0.5,0.634401606180088,0.22095070168404904,16
0,426.25,63.0,0.0743387663637342,yellow,2x4 brick,0.25,2.5,0.298618944403517,17
1,401.25,419.0,0.04822239731405555,white,2x4 brick,0.25,0.5,0.2801827598311023,17
2,88.5,263.69444444444446,0.12175128921223603,red,2x4 brick,0.5,0.8188557207213154,0.3349398592817883,17
3,55.5,127.13888888888889,0.4107098378359344,yellow,2x4 brick,0.5,2.155777479984861,0.5904274686728602,17
4,259.5833333333333,73.27777777777777,0.18068053556481986,yellow,1x2 brick,0.22047927592204922,2.724488852275384,0.3830323456623198,17
5,180.5,301.5416666666667,-0.20725524517945018,white,2x2 brick,0.5,0.6277716322216401,0.21513751226689376,17
0,426.25,63.0,0.07126861943783554,yellow,2x4 brick,0.25,2.5,0.297867883853335,18
1,401.25,419.0,0.04506147070299462,white,2x4 brick,0.25,0.5,0.2790187355289816,18
2,88.5,263.69736842105266,0.11873784198161223,red,2x4 brick,0.5,0.8154710753866403,0.33475886934209304,18
3,55.5,127.13157894736842,0.4075741202903935,yellow,2x4 brick,0.5,2.148084246015002,0.5918084210939035,18
4,259.57894736842104,73.27631578947368,0.17754947251584918,yellow,1x2 brick,0.2154040203124329,2.725844553868756,0.3832851685510487,18
5,180.5,301.5263157894737,-0.21015077511238758,white,2x2 brick,0.5,0.6381239817359022,0.20975951710767177,18
0,426.25,63.0,0.06842188446385751,yellow,2x4 brick,0.25,2.5,0.2970795775870459,19
1,401.25,419.0,0.04224281281523734,white,2x4 brick,0.25,0.5,0.2779348338623085,19
2,88.5,263.7,0.11586171716856124,red,2x4 brick,0.5,0.812403840463596,0.33441795297707033,19
3,55.5,127.15,0.4054299918351713,yellow,2x4 brick,0.5,2.142428528562855,0.5936657939921091,19
4,259.575,73.275,0.17474255678363834,yellow,1x2 brick,0.21065374432940898,2.7270634389394024,0.3834781344054788,19
5,180.5,301.5125,-0.21273467002830576,white,2x2 brick,0.5,0.6469882147303767,0.20475828679732377,19
0,426.25,63.0,0.06586833747167524,yellow,2x4 brick,0.25,2.5,0.2963773879702626,20
1,401.25,419.0,0.039717616097559624,white,2x4 brick,0.25,0.5,0.27696293522896737,20
2,88.5,263.70238095238096,0.11339151424052016,red,2x4 brick,0.5,0.8096113398056811,0.3342165164148782,20
3,55.5,127.14285714285714,0.4024997413292005,yellow,2x4 brick,0.5,2.1361004587958936,0.5944114270042019,20
4,259.5833333333333,73.27380952380952,0.172192451109864,yellow,1x2 brick,0.21593282318115542,2.7281652236491003,0.383646845231594,20
5,180.5,301.51190476190476,-0.2150935102129227,white,2x2 brick,0.5,0.6407593638475185,0.20010188519024125,20
0,426.25,63.0,0.08116693636543822,yellow,2x4 brick,0.25,2.5,0.2988202568072759,21
1,401.25,419.0,0.05499802798975106,white,2x4 brick,0.25,0.5,0.2809801337958025,21
2,88.5,263.70454545454544,0.12874605455011529,red,2x4 brick,0.5,0.8070582229347593,0.33426750311589565,21
3,55.5,127.1590909090909,0.41794733170054443,yellow,2x4 brick,0.5,2.131401393643733,0.5871262793933275,21
4,259.57954545454544,73.27272727272727,0.18757428346034022,yellow,1x2 brick,0.2116810910249677,2.729166009505104,0.38139650646031426,21
5,180.5,301.5113636363636,-0.19967284045517442,white,2x2 brick,0.5,0.635043273074903,0.22361163850027613,21
0,426.25,63.0,0.09502047563421363,yellow,2x4 brick,0.25,2.5,0.3001960159161498,22
1,401.25,419.0,0.06876989149849234,white,2x4 brick,0.25,0.5,0.2836645907940392,22
2,88.5,263.69565217391306,0.14247188086645485,red,2x4 brick,0.5,0.8174606816070942,0.33344065677262413,22
3,55.5,127.17391304347827,0.43191701857298187,yellow,2x4 brick,0.5,2.1269936716866567,0.5800017752320967,22
4,259.5869565217391,73.27173913043478,0.20138957722913353,yellow,1x2 brick,0.2163016167623087,2.730079075417785,0.37859975643056165,22
5,180.5,301.5108695652174,-0.18570759247370325,white,2x2 brick,0.5,0.6297785189943901,0.2419156260016849,22
0,426.25,63.0,0.09173683852004455,yellow,2x4 brick,0.25,2.5,0.2996276648633831,23
1,401.25,419.0,0.06552516944761184,white,2x4 brick,0.25,0.5,0.282782907233764,23
2,88.5,263.6875,0.13928727190426765,red,2x4 brick,0.5,0.8267972847076845,0.33346269891337027,23
3,55.5,127.17708333333333,0.42856281716625727,yellow,2x4 brick,0.5,2.132314820343271,0.5815425417905037,23
4,259.5833333333333,73.27083333333333,0.1981069333821072,yellow,1x2 brick,0.21245914639969937,2.7309154702325653,0.379070976794859,23
5,180.5,301.53125,-0.18877972359450776,white,2x2 brick,0.5,0.624218261107443,0.23727995794869508,23
0,426.25,62.99,0.08866105012871914,yellow,2x4 brick,0.25,2.49096366894421,0.2991340917523178,24
1,401.25,419.0,0.06253019376293228,white,2x4 brick,0.25,0.5,0.282026019490448,24
2,88.5,263.69,0.13628124178479348,red,2x4 brick,0.5,0.8239538822045807,0.3335030321300622,24
3,55.5,127.19,0.4259048150772641,yellow,2x4 brick,0.5,2.1281212371479215,0.5834557831959479,24
4,259.58,73.27,0.19497520595339707,yellow,1x2 brick,0.208806130178211,2.7316844620124043,0.37949645703476903,24
5,180.5,301.53,-0.19171363177654208,white,2x2 brick,0.5,0.6197580172938467,0.23292980685104198,24
0,426.25,62.99038461538461,0.08432890873505902,yellow,2x4 brick,0.25,2.491312568428431,0.30065234379144995,25
1,401.25,419.0,0.0581944825551905,white,2x4 brick,0.25,0.5,0.283227794734919,25
2,88.5,263.6923076923077,0.13196732022562094,red,2x4 brick,0.5,0.8213137116947165,0.3354983466962978,25
3,55.5,127.1923076923077,0.4213823145894213,yellow,2x4 brick,0.5,2.114860074826388,0.5865923561761438,25
4,259.5769230769231,73.26923076923077,0.19069793745601407,yellow,1x2 brick,0.20532842792367903,2.732393882909444,0.38196680716451364,25
5,180.5,301.5192307692308,-0.1974828981753348,white,2x2 brick,0.5,0.6275834181569508,0.23022081837952116,25
0,426.25,62.99074074074074,0.0801155638019685,yellow,2x4 brick,0.25,2.4916355270085755,0.30220677092400416,26
1,401.25,419.0,0.0540014930437464,white,2x4 brick,0.25,0.5,0.2845044392983715,26
2,88.5,263.68518518518516,0.12786626736360485,red,2x4 brick,0.5,0.829414654687359,0.3375677515817605,26
3,55.5,127.19444444444444,0.4174528718576821,yellow,2x4 brick,0.5,2.1200468781213537,0.5900649994748337,26
4,259.5833333333333,73.26851851851852,0.186431847279791,yellow,1x2 brick,0.20971762320196521,2.7330503968787854,0.384313842705746,26
5,180.5,301.52777777777777,-0.20315863965321465,white,2x2 brick,0.5,0.6340395672507405,0.22776340165537956,26
0,426.25,62.99107142857143,0.07607938368935736,yellow,2x4 brick,0.25,2.4919353340694204,0.3037819262702771,27
1,401.25,419.0,0.04994431244884157,white,2x4 brick,0.25,0.5,0.28579377719639726,27
2,88.5,263.6875,0.12388339881927814,red,2x4 brick,0.5,0.8267972847076845,0.3395841291894536,27
3,55.5,127.19642857142857,0.4132993311034308,yellow,2x4 brick,0.5,2.1248499346772607,0.5930669326373812,27
4,259.58035714285717,73.27678571428571,0.18238168459164594,yellow,1x2 brick,0.206518455468221,2.725408951713785,0.38665563470118347,27
5,180.5,301.5267857142857,-0.20869133621766173,white,2x2 brick,0.5,0.6297649990922269,0.22549930515028613,27
0,426.25,62.991379310344826,0.07403842060591724,yellow,2x4 brick,0.25,2.4922143929167877,0.30308633029517223,28
1,401.25,419.0,0.04787656023640168,white,2x4 brick,0.25,0.5,0.2848435179732449,28
2,88.5,263.6810344827586,0.12174401371641305,red,2x4 brick,0.5,0.8340712151335685,0.33917616257585614,28
3,55.5,127.19827586206897,0.4111251424893258,yellow,2x4 brick,0.5,2.129310344827586,0.5937784968155829,28
4,259.58620689655174,73.27586206896552,0.18031108498126056,yellow,1x2 brick,0.21045785544368453,2.72626499235882,0.3866620927197618,28
5,180.5,301.5431034482759,-0.21045999349957256,white,2x2 brick,0.5,0.62480674776852,0.2217748378267213,28
0,426.25,62.99166666666667,0.07209298751202223,yellow,2x4 brick,0.25,2.492474785339975,0.3024634918851583,29
1,401.25,419.0,0.0458978440591062,white,2x4 brick,0.25,0.5,0.2839741009238231,29
2,88.5,263.68333333333334,0.11981879511518922,red,2x4 brick,0.5,0.8314979788844282,0.3389121010302303,29
3,55.5,127.2,0.409373883201638,yellow,2x4 brick,0.5,2.1177818584547365,0.5947757746155474,29
4,259.5833333333333,73.275,0.1782921256413654,yellow,1x2 brick,0.20749832663314552,2.727063438939403,0.38666090124356306,29
5,180.5,301.5416666666667,-0.2121870041797622,white,2x2 brick,0.5,0.6210989364738028,0.21824551270093684,29
0,426.25,62.99193548387097,0.07025300026627991,yellow,2x4 brick,0.25,2.492718323637663,0.30184043825609114,30
1,401.25,419.0,0.04406129393193716,white,2x4 brick,0.25,0.5,0.2831432370582612,30
2,88.5,263.6774193548387,0.11804548878067002,red,2x4 brick,0.5,0.8380891004365536,0.3386635687364694,30
3,55.5,127.20161290322581,0.4072981325180072,yellow,2x4 brick,0.5,2.122193929866576,0.5952778130197259,30
4,259.5806451612903,73.2741935483871,0.1764572557133095,yellow,1x2 brick,0.20465447645886325,2.7278099146166617,0.3866816403346346,30
5,180.5,301.5403225806452,-0.21378834834914892,white,2x2 brick,0.5,0.6176071612434126,0.21487565168894807,30
0,426.25,62.9921875,0.06823010724557946,yellow,2x4 brick,0.25,2.4929465928582886,0.3016352115323776,31
1,401.2421875,419.0,0.042020290985211,white,2x4 brick,0.24987789987061682,0.5,0.2827196996887926,31
2,88.5,263.6796875,0.1160515312965338,red,2x4 brick,0.5,0.8355723501551198,0.3387925124123205,31
3,55.5,127.1953125,0.4052777963777615,yellow,2x4 brick,0.5,2.118772469460501,0.5963473440097389,31
4,259.578125,73.2734375,0.17440716355830688,yellow,1x2 brick,0.20191949973937634,2.7285093336094253,0.38706737622411425,31
5,180.5,301.5390625,-0.21594260179837962,white,2x2 brick,0.5,0.6143129260350543,0.21183141866023056,31
0,426.25,62.99242424242424,0.06661808096868815,yellow,2x4 brick,0.25,2.4931609853369365,0.3010649300627574,32
1,401.24242424242425,419.0,0.04041171794963796,white,2x4 brick,0.24988518943137333,0.5,0.2819634313516807,32
2,88.5,263.67424242424244,0.114531779342674,red,2x4 brick,0.5,0.8415913148497237,0.3385846781949233,32
3,55.5,127.1969696969697,0.40366366397166653,yellow,2x4 brick,0.5,2.1228889476207207,0.5969685625689506,32
4,259.57575757575756,73.27272727272727,0.1727506526863705,yellow,1x2 brick,0.19928706724190767,2.729166009505105,0.38702862842488117,32
5,180.5,301.5378787878788,-0.21734647186222453,white,2x2 brick,0.5,0.6111998015615138,0.20874827646773828,32
0,426.25,62.99264705882353,0.06512188729353563,yellow,2x4 brick,0.25,2.493362729119439,0.30053524049749275,33
1,401.24264705882354,419.0,0.03889376365405197,white,2x4 brick,0.24989184511715337,0.5,0.2812385247587932,33
2,88.5,263.66911764705884,0.11300273186344018,red,2x4 brick,0.5,0.8471851927796258,0.3383017252491789,33
3,55.5,127.19852941176471,0.4018431002002263,yellow,2x4 brick,0.5,2.126754821944542,0.597269158013144,33
4,259.5735294117647,73.2720588235294,0.17123099998931543,yellow,1x2 brick,0.19675129647440665,2.729783744302365,0.38701948152130056,33
5,180.5,301.54411764705884,-0.2186677613340786,white,2x2 brick,0.5,0.6047319174985909,0.20579555894830032,33
0,426.25,62.99285714285714,0.062883373407581,yellow,2x4 brick,0.25,2.49355291149977,0.3009500479731461,34
1,401.24285714285713,419.0,0.03665246124207597,white,2x4 brick,0.24989793835051283,0.5,0.2814722085428459,34
2,88.5,263.6642857142857,0.11071034163504924,red,2x4 brick,0.5,0.8523975789812295,0.33893787634459843,34
3,55.5,127.19285714285714,0.3995233284243148,yellow,2x4 brick,0.5,2.12349586622568,0.5986542322379272,34
4,259.57142857142856,73.27142857142857,0.16907215312883503,yellow,1x2 brick,0.19430672155336345,2.7303659020694777,0.3880208166288202,34
5,180.5,301.54285714285714,-0.22151537266170432,white,2x2 brick,0.5,0.6195785269200412,0.2035128069147919,34
0,426.25,62.99305555555556,0.061529386885298694,yellow,2x4 brick,0.25,2.493732498623571,0.3004022818454782,35
1,401.24305555555554,419.0,0.035297896451432775,white,2x4 brick,0.2499035307700914,0.5,0.2807639527792636,35
2,88.5,263.65972222222223,0.10940955565417539,red,2x4 brick,0.5,0.8572662820822138,0.33867668450033817,35
3,55.5,127.19444444444444,0.3983276436421735,yellow,2x4 brick,0.5,2.1271321910085166,0.5992632705909406,35
4,259.56944444444446,73.27083333333333,0.1677390760742246,yellow,1x2 brick,0.19194826334840628,2.7309154702325658,0.3879720441807996,35
5,180.5,301.53472222222223,-0.22264745436291417,white,2x2 brick,0.5,0.6254242387332473,0.20077807106592693,35
0,426.25,62.99324324324324,0.060267310554797504,yellow,2x4 brick,0.25,2.4939023519040844,0.29989199751416507,36
1,401.2432432432432,419.0,0.03403785797823186,white,2x4 brick,0.24990867579603956,0.5,0.2801018830402965,36
2,88.5,263.6621621621622,0.10819926926994902,red,2x4 brick,0.5,0.8546696378833458,0.33844167998673197,36
3,55.5,127.19594594594595,0.3970728727993429,yellow,2x4 brick,0.5,2.1305651571754503,0.5997183246420584,36
4,259.5743243243243,73.27027027027027,0.16648100206233682,yellow,1x2 brick,0.19594594594594594,2.7314351108514034,0.38792425246052964,36
5,180.5,301.5405405405405,-0.2237183424586533,white,2x2 brick,0.5,0.6192669858048433,0.19815047223273505,36
0,426.25,62.99342105263158,0.05909113602221208,yellow,2x4 brick,0.25,2.4940632418392337,0.2994180560156754,37
1,401.24342105263156,419.0,0.03285641680122812,white,2x4 brick,0.24991341991082341,0.5,0.27947707755242335,37
2,88.5,263.6644736842105,0.10708612315282301,red,2x4 brick,0.5,0.8521959169618373,0.338243148818217,37
3,55.49342105263158,127.19736842105263,0.39819656293047434,yellow,2x4 brick,0.5097304567162483,2.1338113715905362,0.602672487408569,37
4,259.57894736842104,73.27631578947368,0.16524822028980718,yellow,1x2 brick,0.1995493537908303,2.725844553868756,0.3878395630247157,37
5,180.5,301.5394736842105,-0.22473286802303774,white,2x2 brick,0.5,0.6164582513222358,0.19562320787448143,37
0,426.25,62.993589743589745,0.05799227731255925,yellow,2x4 brick,0.25,2.4942158596975124,0.2989768714558031,38
1,401.2435897435897,419.0,0.03173557042464275,white,2x4 brick,0.2499178037130504,0.5,0.2788783988525575,38
2,88.5,263.6602564102564,0.10603421744527015,red,2x4 brick,0.5,0.8566990531027296,0.33805484580687606,38
3,55.493589743589745,127.19871794871794,0.39717536527972747,yellow,2x4 brick,0.5094843405131697,2.1248525493183075,0.6031727341885668,38
4,259.5769230769231,73.27564102564102,0.16411853099095,yellow,1x2 brick,0.19736928613257243,2.726469770527256,0.3877904340596405,38
5,180.5,301.53846153846155,-0.22569536663540246,white,2x2 brick,0.5,0.6137799591582473,0.19319006381717527,38
0,426.25,62.99375,0.05691064052607651,yellow,2x4 brick,0.25,2.4943608274465827,0.29852353863657405,39
1,401.24375,419.0,0.030669576959848854,white,2x4 brick,0.24992186278915257,0.5,0.2783033832602393,39
2,88.5,263.65625,0.10494766524160719,red,2x4 brick,0.5,0.8609360821222444,0.337798994016859,39
3,55.49375,127.19375,0.39611130454978827,yellow,2x4 brick,0.5092503681883794,2.1352601568661367,0.603555874773759,39
4,259.575,73.275,0.16304260219524774,yellow,1x2 brick,0.19525624189766638,2.7270634389394024,0.3877383080533552,39
5,180.49375,301.55,-0.2266097403171489,white,2x2 brick,0.5092503681883794,0.6103277807866851,0.19084535055564514,39
0,426.25,62.98780487804878,0.05476910715655138,yellow,2x4 brick,0.25,2.4889703152549063,0.2994462832306591,40
1,401.2439024390244,419.0,0.02851025423311865,white,2x4 brick,0.24992562843803898,0.5,0.2790790262244053,40
2,88.5,263.6585365853659,0.10288003746834731,red,2x4 brick,0.5,0.8585227271608801,0.33897747569912073,40
3,55.49390243902439,127.1890243902439,0.39390349981840017,yellow,2x4 brick,0.5090276625229354,2.132272696693285,0.6051380218065943,40
4,259.5731707317073,73.27439024390245,0.16090657646739215,yellow,1x2 brick,0.19320706728969345,2.7276278882006952,0.3890364155770498,40
5,180.4939024390244,301.5426829268293,-0.22970998797935688,white,2x2 brick,0.5090276625229354,0.6158536585365855,0.18952062964343502,40
0,426.25,62.98809523809524,0.05382285802116297,yellow,2x4 brick,0.25,2.489234189077549,0.29898964235170433,41
1,401.2440476190476,419.0,0.02755153901627419,white,2x4 brick,0.24992912827639302,0.5,0.2784911906721983,41
2,88.5,263.6607142857143,0.1019706732889867,red,2x4 brick,0.5,0.8562122924812038,0.3387361384605772,41
3,55.49404761904762,127.19642857142857,0.39298003917029856,yellow,2x4 brick,0.5088154288045609,2.1297465995350935,0.6054507355885906,41
4,259.57142857142856,73.27380952380952,0.15996361510864748,yellow,1x2 brick,0.19121879052629775,2.7281652236491003,0.38894371809300365,41
5,180.49404761904762,301.5357142857143,-0.2304747185853424,white,2x2 brick,0.5088154288045609,0.6209905407497607,0.18731485330546072,41
0,426.25,62.98837209302326,0.05278091150331587,yellow,2x4 brick,0.25,2.48948573211095,0.2987397709876492,42
1,401.24418604651163,419.0,0.026490127785802432,white,2x4 brick,0.24993238674656598,0.5,0.2781064835479494,42
2,88.5,263.66279069767444,0.10000181439679223,red,2x4 brick,0.5,0.853998326836211,0.33798210991989086,42
3,55.49418604651163,127.20348837209302,0.3920524421984784,yellow,2x4 brick,0.5086129453497945,2.1273112013852624,0.60603136265644,42
4,259.56976744186045,73.27325581395348,0.15890214327913244,yellow,1x2 brick,0.18928861158255475,2.7286773531053314,0.3890274381714373,42
5,180.49418604651163,301.52906976744185,-0.23152429766464436,white,2x2 brick,0.5086129453497945,0.625776964329938,0.18524888338662823,42
0,426.25,62.98863636363637,0.05181510289899813,yellow,2x4 brick,0.25,2.4897257889438813,0.298421876003482,43
1,401.2443181818182,419.0,0.02556031382689947,white,2x4 brick,0.24993542554457693,0.5,0.2777029295150047,43
2,88.5,263.65909090909093,0.09905117283731757,red,2x4 brick,0.5,0.857935731280767,0.33784223807892005,43
3,55.49431818181818,127.19886363636364,0.3910127083289598,yellow,2x4 brick,0.5084195553033696,2.1247189289078925,0.6063284899259735,43
4,259.5681818181818,73.27272727272727,0.15791640324437342,yellow,1x2 brick,0.18741389207353004,2.729166009505105,0.389024811097033,43
5,180.4943181818182,301.53977272727275,-0.23242173345505923,white,2x2 brick,0.5084195553033695,0.6225935075310653,0.18322621376046092,43
0,426.25,62.98888888888889,0.05094311945850729,yellow,2x4 brick,0.25,2.4899551287543065,0.29806764302042327,44
1,401.24444444444447,419.0,0.02465020227364401,white,2x4 brick,0.2499382639822665,0.5,0.277211064338785,44
2,88.5,263.6611111111111,0.09814479532369995,red,2x4 brick,0.5,0.85579001116505,0.33761672516095376,44
3,55.49444444444445,127.19444444444444,0.3899784557760983,yellow,2x4 brick,0.5082346595184183,2.1222294938793396,0.6064772085583007,44
4,259.56666666666666,73.27222222222223,0.15705011924015475,yellow,1x2 brick,0.1855921454276674,2.7296327704891725,0.38899406262473063,44
5,180.49444444444444,301.5388888888889,-0.23318533366861233,white,2x2 brick,0.5082346595184182,0.620160273987377,0.1812497176618365,44
0,426.25,62.98913043478261,0.05013099150821994,yellow,2x4 brick,0.25,2.4901744535421053,0.2977400579437971,45
1,401.2445652173913,419.0,0.023824267460655826,white,2x4 brick,0.24994091929493298,0.5,0.27676773822672235,45
2,88.5,263.6576086956522,0.09728241041895774,red,2x4 brick,0.5,0.8595036099846002,0.33739852977220514,45
3,55.494565217391305,127.19021739130434,0.3890784855659505,yellow,2x4 brick,0.5080577103548767,2.1198369391047973,0.60669764798851,45
4,259.5652173913044,73.27173913043478,0.15622355306898106,yellow,1x2 brick,0.18382102744878007,2.7300790754177853,0.3889606108876681,45
5,180.4945652173913,301.54347826086956,-0.2339116272506357,white,2x2 brick,0.5080577103548768,0.6152596390471698,0.17933498147822485,45
0,426.25,62.98936170212766,0.04852728909225482,yellow,2x4 brick,0.25,2.490384405306307,0.298405430248219,46
1,401.24468085106383,419.0,0.022184615751476913,white,2x4 brick,0.24994340690363256,0.5,0.2773002981868802,46
2,88.5,263.65425531914894,0.0957465800262169,red,2x4 brick,0.5,0.8630308904036147,0.3382689407611198,46
3,55.494680851063826,127.19148936170212,0.3873042043230346,yellow,2x4 brick,0.5078882062608366,2.112659893204515,0.607767619931693,46
4,259.56382978723406,73.27127659574468,0.15460660340871024,yellow,1x2 brick,0.18209832732578393,2.7305062401961493,0.3899030106016273,46
5,180.49468085106383,301.53723404255317,-0.23625812775810104,white,2x2 brick,0.5078882062608367,0.6198805723262246,0.1781292710422454,46
0,426.25,62.989583333333336,0.04773426189008153,yellow,2x4 brick,0.25,2.490585572321408,0.2981120708129045,47
1,401.2447916666667,419.0,0.021375483098015527,white,2x4 brick,0.24994574063962144,0.5,0.2768972901537827,47
2,88.5,263.6510416666667,0.09501013302541832,red,2x4 brick,0.5,0.8663855463536747,0.33816512836929663,47
3,55.489583333333336,127.19270833333333,0.3878634066169788,yellow,2x4 brick,0.5152829252513182,2.1156285901824123,0.6094922009448537,47
4,259.5625,73.27083333333333,0.15381937747031127,yellow,1x2 brick,0.18042195912175807,2.7309154702325653,0.3898973148269876,47
5,180.49479166666666,301.5416666666667,-0.23698215577236761,white,2x2 brick,0.5077256870238976,0.6236095644623235,0.17633386781588023,47
0,426.25,62.98979591836735,0.04693588506445351,yellow,2x4 brick,0.25,2.4907784946420057,0.29786892937487025,48
1,401.2448979591837,419.0,0.02056843576478434,white,2x4 brick,0.249947932937059,0.5,0.27655330936377587,48
2,88.5,263.6479591836735,0.09363935662301999,red,2x4 brick,0.5,0.8695799586331762,0.3376094631328318,48
3,55.48979591836735,127.1938775510204,0.38698410669230304,yellow,2x4 brick,0.5149776686100221,2.1184715479071135,0.6097282182939491,48
4,259.56632653061223,73.27551020408163,0.15302656512218105,yellow,1x2 brick,0.18402743670276978,2.726590950083923,0.3899315579408961,48
5,180.49489795918367,301.5408163265306,-0.23775206778415917,white,2x2 brick,0.5075697295978144,0.6213607080668705,0.1746067630352926,48
0,426.25,62.99,0.04629258108030368,yellow,2x4 brick,0.25,2.49096366894421,0.2975007455065667,49
1,401.245,419.0,0.019922539411270333,white,2x4 brick,0.24994999499899975,0.5,0.2760941604266805,49
2,88.5,263.645,0.09297931653003498,red,2x4 brick,0.5,0.8726253491619412,0.33735334711821674,49
3,55.49,127.195,0.3863157747335635,yellow,2x4 brick,0.5146843692983109,2.1211965962635335,0.6098689542593297,49
4,259.565,73.275,0.15238984057242497,yellow,1x2 brick,0.182414363469547,2.727063438939403,0.389828673131794,49
5,180.495,301.545,-0.23824243270658121,white,2x2 brick,0.5074199444247338,0.6168265558485627,0.17288595574484797,49
0,426.25,62.990196078431374,0.045839635948904785,yellow,2x4 brick,0.25,2.4911415527952347,0.29698090871679633,50
1,401.2450980392157,419.0,0.019478905256804374,white,2x4 brick,0.2499519369408228,0.5,0.2754987004578693,50
2,88.5,263.6470588235294,0.09261544007416112,red,2x4 brick,0.5,0.8705087404087496,0.3370309797655096,50
3,55.490196078431374,127.19607843137256,0.3858807845759811,yellow,2x4 brick,0.5144023381311726,2.1238109276942754,0.6098730446362269,50
4,259.5637254901961,73.27450980392157,0.1519420035878006,yellow,1x2 brick,0.18084183084016392,2.7275172318252885,0.38955811514585925,50
5,180.4950980392157,301.54901960784315,-0.2383857316821551,white,2x2 brick,0.5072759721856928,0.6124116739898595,0.17118560320120024,50
0,426.25,62.99038461538461,0.04524266982734949,yellow,2x4 brick,0.25,2.491312568428431,0.2966412062714241,51
1,401.2451923076923,419.0,0.018877004148266027,white,2x4 brick,0.24995376791453763,0.5,0.2750721022578917,51
2,88.5,263.64903846153845,0.09206639461191699,red,2x4 brick,0.5,0.8684640721840807,0.33685131911841787,51
3,55.49038461538461,127.19711538461539,0.38530319994990436,yellow,2x4 brick,0.5141309378959559,2.117257693464011,0.6100465718244811,51
4,259.5625,73.27403846153847,0.15135062539638863,yellow,1x2 brick,0.1793082326824184,2.727953416881336,0.3894646554825967,51
5,180.49519230769232,301.5480769230769,-0.23884505057106098,white,2x2 brick,0.5071374809222968,0.6104822761288453,0.16956332777390173,51
0,426.25,62.990566037735846,0.04465234997840429,yellow,2x4 brick,0.25,2.491477106089341,0.29632836886573294,52
1,401.24528301886795,419.0,0.018295441969492853,white,2x4 brick,0.2499554962168258,0.5,0.27468594635013455,52
2,88.5,263.64622641509436,0.09152746388710783,red,2x4 brick,0.5,0.8713657170712814,0.33669793818050653,52
3,55.490566037735846,127.19811320754717,0.3845760554808423,yellow,2x4 brick,0.5138695785432575,2.1109320632988875,0.6100807760265986,52
4,259.561320754717,73.27830188679245,0.15076334143030454,yellow,1x2 brick,0.1778120455185921,2.7240024906819964,0.3893876121362525,52
5,180.49528301886792,301.54716981132077,-0.23931779018203486,white,2x2 brick,0.5070041634810436,0.6086185326901626,0.1679906482668034,52
0,426.25,62.99074074074074,0.044031661404535946,yellow,2x4 brick,0.25,2.4916355270085755,0.2960323472910812,53
1,401.2453703703704,419.0,0.017705185681051727,white,2x4 brick,0.24995712938320536,0.5,0.2743371013094863,53
2,88.5,263.64814814814815,0.09094556822870983,red,2x4 brick,0.5,0.8693847847633707,0.33654554968321027,53
3,55.49074074074074,127.18981481481481,0.38382117807963495,yellow,2x4 brick,0.5136177129021727,2.1144537782891497,0.6101150801011643,53
4,259.56018518518516,73.27777777777777,0.15016814680716611,yellow,1x2 brick,0.1763518236550084,2.724488852275384,0.3893383721170919,53
5,180.49537037037038,301.5462962962963,-0.23982641893912587,white,2x2 brick,0.5068757352388619,0.6068171251041091,0.1664690983205033,53
0,426.25,62.99090909090909,0.043525520687487655,yellow,2x4 brick,0.25,2.491788166049195,0.2957380766267607,54
1,401.24545454545455,419.0,0.01718699327813934,white,2x4 brick,0.2499586742703185,0.5,0.27395755672929,54
2,88.5,263.65,0.09049420402557722,red,2x4 brick,0.5,0.8674675786448737,0.3364075650518539,54
3,55.49090909090909,127.19090909090909,0.38331098101178473,yellow,2x4 brick,0.5133748328543818,2.11701099127758,0.6102633034567572,54
4,259.5590909090909,73.27727272727273,0.1496433113997652,yellow,1x2 brick,0.17492619458994416,2.7249573504888973,0.38924549932389796,54
5,180.49545454545455,301.5409090909091,-0.24022645992988265,white,2x2 brick,0.5067519320744194,0.6110044568421672,0.16497499397091359,54
0,426.25,62.99107142857143,0.043029484532595044,yellow,2x4 brick,0.25,2.4919353340694204,0.29545386667203377,55
1,401.2455357142857,419.0,0.016666633987685937,white,2x4 brick,0.2499601371280253,0.5,0.2735805423402651,55
2,88.5,263.6517857142857,0.09002941326972667,red,2x4 brick,0.5,0.8656110705797403,0.33625497027018364,55
3,55.49107142857143,127.1875,0.3828584110800422,yellow,2x4 brick,0.5131404659107505,2.115129386450997,0.6104520679265649,55
4,259.5625,73.27678571428571,0.14913522258252615,yellow,1x2 brick,0.1783480746021266,2.725408951713785,0.3891611954225716,55
5,180.49553571428572,301.54017857142856,-0.240620100179443,white,2x2 brick,0.5066325085547608,0.6092237187936927,0.16352142875703585,55
0,426.25,62.99122807017544,0.04926109598634952,yellow,2x4 brick,0.25,2.492077320035762,0.29687516749215676,56
1,401.2456140350877,419.0,0.02289441270498481,white,2x4 brick,0.24996152366271943,0.5,0.2757091411982223,56
2,88.5,263.64912280701753,0.0962999166723514,red,2x4 brick,0.5,0.8683767488255848,0.33666459385614744,56
3,55.49122807017544,127.1842105263158,0.38892043325356934,yellow,2x4 brick,0.5129141721418848,2.1226257715869243,0.6074949641090008,56
4,259.56140350877195,73.27631578947368,0.15537234129465757,yellow,1x2 brick,0.17696702633185973,2.725844553868756,0.38854597333548396,56
5,180.49561403508773,301.5394736842105,-0.2343536910628952,white,2x2 brick,0.5065172363110749,0.6074996817633462,0.17638435289787294,56
0,426.25,62.991379310344826,0.04866703955956733,yellow,2x4 brick,0.25,2.4922143929167877,0.2965789187408065,57
1,401.24568965517244,419.0,0.022291969583638133,white,2x4 brick,0.2499628390930686,0.5,0.27532728722957334,57
2,88.5,263.6465517241379,0.09574874528516777,red,2x4 brick,0.5,0.8710310017130868,0.3365193841940973,57
3,55.491379310344826,127.1853448275862,0.3884351727385578,yellow,2x4 brick,0.512695541420664,2.116774315269247,0.6077774922710885,57
4,259.5603448275862,73.27586206896552,0.15478323898942586,yellow,1x2 brick,0.17561679989192555,2.72626499235882,0.388484559335448,57
5,180.4956896551724,301.5431034482759,-0.23483501214638428,white,2x2 brick,0.5064059025809697,0.6108535771743749,0.1748949427494949,57
0,426.25,62.99152542372882,0.05204555025929049,yellow,2x4 brick,0.25,2.492346803383647,0.29523847253863283,58
1,401.23728813559325,419.0042372881356,0.02566639144205692,white,2x4 brick,0.2580226669091242,0.5062983088976752,0.27420234878999383,58
2,88.5,263.64406779661016,0.09849094520614565,red,2x4 brick,0.5,0.8735804342272306,0.33438580532089035,58
3,55.563025210084035,127.15966386554622,0.3903027728768848,yellow,2x4 brick,0.9293411008437068,2.1301485065888888,0.6030188631320577,58
4,259.5593220338983,73.27542372881356,0.15819079311418852,yellow,1x2 brick,0.17429630340002658,2.7266710454224974,0.38656901637896535,58
5,180.49576271186442,301.54237288135596,-0.23143762581075653,white,2x2 brick,0.5062983088976752,0.6091681991517611,0.17801188274700902,58
0,426.25,62.99166666666667,0.051378216525607576,yellow,2x4 brick,0.25,2.492474785339975,0.29503352595362176,59
1,401.2375,419.00416666666666,0.024991468826389227,white,2x4 brick,0.2578961354240631,0.506194269909181,0.273912136890291,59
2,88.5,263.6458333333333,0.09781647531321115,red,2x4 brick,0.5,0.8717698313711532,0.3342861847438863,59
3,55.56198347107438,127.16528925619835,0.3897150122677506,yellow,2x4 brick,0.9239026279010668,2.128504334375389,0.603364958958734,59
4,259.55833333333334,73.275,0.15752744723961384,yellow,1x2 brick,0.17300449576688912,2.7270634389394024,0.38659746247708004,59
5,180.49583333333334,301.5375,-0.2320448471788205,white,2x2 brick,0.506194269909181,0.6129250226033632,0.17658382591680402,59
0,426.25,62.99180327868852,0.05079554306454038,yellow,2x4 brick,0.25,2.492598557300815,0.2947631668995479,60
1,401.23770491803276,419.00409836065575,0.024422894601869895,white,2x4 brick,0.2577735277625638,0.5060936123125267,0.2735768007532034,60
2,88.5,263.64344262295083,0.09728144415084719,red,2x4 brick,0.5,0.8742198118864382,0.33416431641043487,60
3,55.5609756097561,127.16260162601625,0.3890437259385288,yellow,2x4 brick,0.9186092480617797,2.1265796949613116,0.6034699724061227,60
4,259.55737704918033,73.27459016393442,0.15694872412779973,yellow,1x2 brick,0.1717403839324341,2.727442850760681,0.38655189546163865,60
5,180.49590163934425,301.5409836065574,-0.23250283980528375,white,2x2 brick,0.5060936123125267,0.6093202472146163,0.1751663642971008,60
0,426.25,62.99193548387097,0.0502013523350035,yellow,2x4 brick,0.25,2.492718323637663,0.294534734790269,61
1,401.23790322580646,419.0040322580645,0.023818325862290685,white,2x4 brick,0.25765466446122504,0.505996173890352,0.2732658873283561,61
2,88.5,263.64516129032256,0.09676214261285697,red,2x4 brick,0.5,0.8724598926644205,0.3341060351504455,61
3,55.56,127.16,0.3882742187670162,yellow,2x4 brick,0.9134549797335392,2.124711745155093,0.6035222450086289,61
4,259.55645161290323,73.2741935483871,0.1563588313130073,yellow,1x2 brick,0.1705030202569837,2.7278099146166612,0.38654274538647265,61
5,180.4959677419355,301.5403225806452,-0.23300924964637074,white,2x2 brick,0.505996173890352,0.6077350009877647,0.1737930018010592,61
0,426.25,62.992063492063494,0.04965516959057377,yellow,2x4 brick,0.25,2.4928342757045616,0.29430974828288403,62
1,401.234126984127,419.00396825396825,0.023268128801653812,white,2x4 brick,0.2573252831249757,0.5059018026384413,0.27296516811896654,62
2,88.5,263.6468253968254,0.09623210120407891,red,2x4 brick,0.5,0.8707492219973382,0.3339971934112076,62
3,55.55511811023622,127.15354330708661,0.3888353273679707,yellow,2x4 brick,0.9119252508924874,2.1273544724079483,0.6049251045006167,62
4,259.55555555555554,73.27380952380952,0.15577875062017155,yellow,1x2 brick,0.1692915000611233,2.7281652236491003,0.38649712281515713,62
5,180.49603174603175,301.53968253968253,-0.23347144295587857,white,2x2 brick,0.5059018026384413,0.606195442981851,0.17244658126380805,62
0,426.25,62.9921875,0.04904222660258374,yellow,2x4 brick,0.25,2.4929465928582886,0.29415319908887944,63
1,401.234375,419.00390625,0.02266856734930574,white,2x4 brick,0.2572199630180364,0.5058103559743884,0.2727483691229281,63
2,88.5,263.6484375,0.09566793106903965,red,2x4 brick,0.5,0.869085760206523,0.333982707475918,63
3,55.554263565891475,127.15503875968992,0.38809612886439554,yellow,2x4 brick,0.9069933080048491,2.1220496615158533,0.6050667399319889,63
4,259.5546875,73.2734375,0.1552073119894169,yellow,1x2 brick,0.16810495930742198,2.7285093336094253,0.38658214799321083,63
5,180.49609375,301.5390625,-0.23405800591661324,white,2x2 brick,0.5058103559743884,0.6046996122817924,0.17115737037547674,63
0,426.25,62.99230769230769,0.04852958306340525,yellow,2x4 brick,0.25,2.493055443384078,0.2939398888687099,64
1,401.2346153846154,419.00384615384615,0.02213288775229409,white,2x4 brick,0.25711761405166567,0.5057217000187183,0.2724481786713744,64
2,88.5,263.6461538461538,0.09518088506800061,red,2x4 brick,0.5,0.8714403502384249,0.3338882895481,64
3,55.55343511450382,127.1526717557252,0.38742363543912156,yellow,2x4 brick,0.9021854474927731,2.1284093707526295,0.6051099679794829,64
4,259.55384615384617,73.27307692307693,0.15468229763823915,yellow,1x2 brick,0.16694257241700544,2.7288427657592673,0.38655547200042945,64
5,180.49615384615385,301.53846153846155,-0.2344920414241309,white,2x2 brick,0.5057217000187183,0.6032456592830047,0.16987116371147554,64
0,426.25,62.99242424242424,0.047452497618914395,yellow,2x4 brick,0.25,2.4931609853369365,0.29441874548479374,65
1,401.2348484848485,419.0037878787879,0.02108876136769112,white,2x4 brick,0.2570181129346572,0.5056357089408406,0.27288532621848266,65
2,88.5,263.6439393939394,0.0941254665148229,red,2x4 brick,0.5,0.8737118289019951,0.33447859734369473,65
3,55.55263157894737,127.15413533834587,0.38648555760143316,yellow,2x4 brick,0.8974968487906997,2.123251559446278,0.6060831039693577,65
4,259.5530303030303,73.27272727272727,0.1535949582659255,yellow,1x2 brick,0.165803550213934,2.7291660095051045,0.3872115649219607,65
5,180.49621212121212,301.53409090909093,-0.23607269520623408,white,2x2 brick,0.5056357089408406,0.606758594282386,0.16906033608754814,65
0,426.25,62.992537313432834,0.04698265588922349,yellow,2x4 brick,0.25,2.493263367307385,0.29420862250073687,66
1,401.2350746268657,419.00373134328356,0.020633162859712204,white,2x4 brick,0.256921343061224,0.5055522643631153,0.2726220218952545,66
2,88.5,263.6455223880597,0.09370418666861897,red,2x4 brick,0.5,0.8720892457104659,0.33440282903400587,66
3,55.55185185185185,127.15925925925926,0.3860032368597949,yellow,2x4 brick,0.892922944861164,2.1218893152372416,0.6062469633214892,66
4,259.55223880597015,73.2723880597015,0.1531113072117233,yellow,1x2 brick,0.16468713799040233,2.7294795247950367,0.3871757862711401,66
5,180.4962686567164,301.5335820895522,-0.23646370444054793,white,2x2 brick,0.5055522643631153,0.6053177320169476,0.16782401449781745,66
0,426.25,62.99264705882353,0.046466374905053724,yellow,2x4 brick,0.25,2.4933627291194393,0.2940686989257612,67
1,401.2352941176471,419.00367647058823,0.020111712073976277,white,2x4 brick,0.2568271940672497,0.5054712548170931,0.2724141432658791,67
2,88.5,263.6470588235294,0.09320722807930466,red,2x4 brick,0.5,0.8705087404087496,0.33436949925215737,67
3,55.551094890510946,127.16423357664233,0.3855134288006545,yellow,2x4 brick,0.8884594054223199,2.1205541634300435,0.6065077761514325,67
4,259.5514705882353,73.2720588235294,0.1525812251067966,yellow,1x2 brick,0.16359261368593375,2.729783744302365,0.3872061221385834,67
5,180.49632352941177,301.52941176470586,-0.23696452556672518,white,2x2 brick,0.5054712548170931,0.6086530025463198,0.16663587608684666,67
0,426.25,62.992753623188406,0.04600740421987947,yellow,2x4 brick,0.25,2.4934592024677147,0.29385370718305226,68
1,401.2355072463768,419.0036231884058,0.019672396056878497,white,2x4 brick,0.2567355614211141,0.5053925752466807,0.2721542639066863,68
2,88.5,263.6449275362319,0.0927604245950224,red,2x4 brick,0.5,0.8726996647724404,0.33425093601370826,68
3,55.55035971223022,127.16546762589928,0.38506126341467434,yellow,2x4 brick,0.8841021215078004,2.122497247465513,0.6066621865380568,68
4,259.5507246376812,73.27173913043478,0.15216087775047618,yellow,1x2 brick,0.16251928617395509,2.730079075417785,0.3872019825721551,68
5,180.4963768115942,301.5289855072464,-0.23733127612235613,white,2x2 brick,0.5053925752466807,0.6161125083768109,0.16545160576036758,68
0,426.25,62.99285714285714,0.04556154698285305,yellow,2x4 brick,0.25,2.49355291149977,0.2936440204109838,69
1,401.23571428571427,419.00357142857143,0.019234291100461456,white,2x4 brick,0.25664634604602404,0.5053161265535685,0.27189163941142375,69
2,88.5,263.64285714285717,0.09230197343474537,red,2x4 brick,0.5,0.8748177652797064,0.33411373906125724,69
3,55.54964539007092,127.17021276595744,0.38465647744897463,yellow,2x4 brick,0.8798471912358174,2.1211780709387313,0.6068453499117468,69
4,259.55,73.27142857142857,0.15169775527953233,yellow,1x2 brick,0.16146649364939022,2.7303659020694777,0.3871474522928735,69
5,180.49642857142857,301.525,-0.23768754809068338,white,2x2 brick,0.5053161265535685,0.6191151519940143,0.16429221380057898,69
0,426.25,62.99295774647887,0.04514565284369943,yellow,2x4 brick,0.25,2.493643973349098,0.29345415389009294,70
1,401.23591549295776,419.0035211267606,0.01883170987610021,white,2x4 brick,0.2565594539710827,0.5052418151807915,0.27165453283884283,70
2,88.5,263.6443661971831,0.0918742571115165,red,2x4 brick,0.5,0.873274931127788,0.3339953839919057,70
3,55.54545454545455,127.17132867132867,0.38522322668964315,yellow,2x4 brick,0.8788682545029401,2.123054350009448,0.6080649795859725,70
4,259.5492957746479,73.27112676056338,0.1512680733408682,yellow,1x2 brick,0.16043360211119037,2.7306445863882027,0.387112462323264,70
5,180.49647887323943,301.5281690140845,-0.23803378422891686,white,2x2 brick,0.5052418151807915,0.6217157311082604,0.16315684180695722,70
0,426.25,62.99305555555556,0.044737345109946695,yellow,2x4 brick,0.25,2.493732498623571,0.29326550640238297,71
1,401.2361111111111,419.00347222222223,0.018397367550610517,white,2x4 brick,0.2564747960086026,0.505169552730737,0.27138810521027473,71
2,88.5,263.6458333333333,0.09148791226180723,red,2x4 brick,0.5,0.8717698313711532,0.3339059643420652,71
3,55.5448275862069,127.16896551724138,0.38452674194240244,yellow,2x4 brick,0.8747753236261343,2.1214997051168636,0.6079422336763537,71
4,259.5486111111111,73.27083333333333,0.15083240789194713,yellow,1x2 brick,0.15942000393401384,2.7309154702325658,0.38706166434533057,71
5,180.49652777777777,301.52777777777777,-0.23837040269664383,white,2x2 brick,0.505169552730737,0.6201975989379475,0.16204467224970895,71
0,426.25,62.99315068493151,0.044343685074513854,yellow,2x4 brick,0.25,2.49381859185364,0.293084313753882,72
1,401.236301369863,419.00342465753425,0.017977134184778594,white,2x4 brick,0.2563922874554081,0.5050992556143228,0.2711298474431328,72
2,88.5,263.6472602739726,0.09108914343169792,red,2x4 brick,0.5,0.8703010977533062,0.33379802930110336,72
3,55.54081632653061,127.17006802721089,0.3840433789416543,yellow,2x4 brick,0.869964038825221,2.123320944206738,0.6080015600511448,72
4,259.54794520547944,73.27054794520548,0.15042635213499414,yellow,1x2 brick,0.15842511652356683,2.73117887658799,0.3870278987446858,72
5,180.49657534246575,301.527397260274,-0.2386977987405975,white,2x2 brick,0.5050992556143228,0.6187172488019844,0.16095492600327418,72
0,426.25,62.99324324324324,0.04394393018050424,yellow,2x4 brick,0.25,2.4939023519040844,0.2928931720807755,73
1,401.2364864864865,419.0033783783784,0.01758650554653366,white,2x4 brick,0.25631184781608995,0.5050308447284185,0.2708926268888051,73
2,88.5,263.64864864864865,0.09067763273632053,red,2x4 brick,0.5,0.8688674273339735,0.3336717560821802,73
3,55.533557046979865,127.16778523489933,0.3842782731149838,yellow,2x4 brick,0.8682784585862827,2.1218033502734546,0.6087879218368617,73
4,259.5472972972973,73.27027027027027,0.150034179019291,yellow,1x2 brick,0.15744838105041953,2.7314351108514034,0.3869973004311176,73
5,180.4966216216216,301.52702702702703,-0.2390163462428227,white,2x2 brick,0.5050308447284185,0.6172732754354728,0.15988686005920877,73
0,426.25,62.99333333333333,0.048668230775065796,yellow,2x4 brick,0.25,2.4939838723527377,0.294015477209765,74
1,401.2366666666667,419.00333333333333,0.022306817992571563,white,2x4 brick,0.2562334005463682,0.5049642451588913,0.27256044573995636,74
2,88.5,263.65,0.09545430892086612,red,2x4 brick,0.5,0.8674675786448736,0.3340391904937319,74
3,55.52980132450331,127.16556291390728,0.3888676641857926,yellow,2x4 brick,0.8635974888683402,2.1203225531709906,0.6065972635336431,74
4,259.5466666666667,73.27333333333333,0.15476240315468734,yellow,1x2 brick,0.1564892612574067,2.728605667532208,0.38655448523790625,74
5,180.49666666666667,301.52666666666664,-0.23429993408424485,white,2x2 brick,0.5049642451588913,0.6158643429269866,0.16998938888826193,74
0,426.25,62.99342105263158,0.04823506321241364,yellow,2x4 brick,0.25,2.4940632418392337,0.29383458424165126,75
1,401.2368421052632,419.0032894736842,0.02189056953079797,white,2x4 brick,0.2561568728148919,0.5048993859069317,0.2723353467484579,75
2,88.5,263.6480263157895,0.09503804805705793,red,2x4 brick,0.5,0.8695106302683047,0.33395526645126394,75
3,55.529411764705884,127.16013071895425,0.3883458586414586,yellow,2x4 brick,0.8598436058541452,2.122593673900208,0.606674859528277,75
4,259.54605263157896,73.27302631578948,0.15432066545047274,yellow,1x2 brick,0.1555472423360117,2.7288895561810107,0.3865328691533683,75
5,180.49671052631578,301.5263157894737,-0.23466796539767923,white,2x2 brick,0.5048993859069317,0.6144891804650324,0.16889741020680762,75
0,426.25,62.993506493506494,0.047686145674537585,yellow,2x4 brick,0.25,2.494140544386511,0.2937959425396346,76
1,401.237012987013,419.00324675324674,0.021333949568427515,white,2x4 brick,0.25608219528196097,0.5048361996365599,0.2722326593829083,76
2,88.5,263.64935064935065,0.09449145367979045,red,2x4 brick,0.5,0.8681407774736567,0.3339999672122352,76
3,55.52903225806452,127.16129032258064,0.38783826981448916,yellow,2x4 brick,0.8561705996666847,2.124310502083249,0.6070089791029355,76
4,259.54545454545456,73.27272727272727,0.15379587382619467,yellow,1x2 brick,0.15462182986741113,2.729166009505105,0.3866809157239205,76
5,180.49675324675326,301.52272727272725,-0.23528043961771394,white,2x2 brick,0.5048361996365599,0.6172333250626433,0.16788202037180278,76
0,426.25,62.99038461538461,0.04726494589225831,yellow,2x4 brick,0.25,2.491312568428431,0.29361119906451466,77
1,401.2371794871795,419.00320512820514,0.020962481520509366,white,2x4 brick,0.25600930189379306,0.5047746224414229,0.272033719529734,77
2,88.5,263.6474358974359,0.09408223157234123,red,2x4 brick,0.5,0.8701199974678352,0.33390346193540765,77
3,55.52547770700637,127.1624203821656,0.38732680583276313,yellow,2x4 brick,0.8517426466528643,2.1259816470059714,0.6070633431572,77
4,259.54487179487177,73.2724358974359,0.15337785413142777,yellow,1x2 brick,0.1537125488241256,2.729435315834899,0.3866571995563827,77
5,180.49679487179486,301.5224358974359,-0.23562646364704148,white,2x2 brick,0.5047746224414229,0.6158768730955386,0.1668300154773746,77
0,426.25,62.99050632911393,0.0468668951707544,yellow,2x4 brick,0.25,2.491422957112213,0.29343919522083883,78
1,401.2373417721519,419.003164556962,0.020550208434127738,white,2x4 brick,0.2559381296910854,0.5047145936291838,0.27179643033820833,78
2,88.5,263.6455696202532,0.0933033992111427,red,2x4 brick,0.5,0.872040741754422,0.333506758451455,78
3,55.5251572327044,127.16666666666667,0.3869445800510435,yellow,2x4 brick,0.8482292731367964,2.1247764711637083,0.6072252533370107,78
4,259.54430379746833,73.27215189873418,0.15296994233283762,yellow,1x2 brick,0.1528189426284764,2.729697748783111,0.38663142222476155,78
5,180.49683544303798,301.5221518987342,-0.23596191889385576,white,2x2 brick,0.5047145936291838,0.6145517474912068,0.16579723884333655,78
0,426.25,62.990625,0.045847459192326336,yellow,2x4 brick,0.25,2.49153057564522,0.2940158014953733,79
1,401.2375,419.003125,0.019545176919717255,white,2x4 brick,0.255868618630734,0.5046560555219763,0.2723327378551466,79
2,88.5,263.646875,0.09229736267759073,red,2x4 brick,0.5,0.8706981304533735,0.3341637408027037,79
3,55.524844720496894,127.16770186335404,0.38578780270790886,yellow,2x4 brick,0.8447889997799128,2.1263973114216856,0.6079301344002636,79
4,259.54375,73.271875,0.15195413001496288,yellow,1x2 brick,0.15194057226429022,2.7299535681719935,0.3873497836293262,79
5,180.496875,301.51875,-0.23752790834978627,white,2x2 brick,0.5046560555219763,0.6171696991103826,0.1653446366474711,79
0,426.25,62.99074074074074,0.04545505751540912,yellow,2x4 brick,0.25,2.491635527008576,0.29384224633138123,80
1,401.2345679012346,419.00308641975306,0.019150233858563476,white,2x4 brick,0.25563307704751426,0.5045989532715436,0.27210604162344637,80
2,88.5,263.64814814814815,0.09194459303745993,red,2x4 brick,0.5,0.8693847847633706,0.3340969300162058,80
3,55.52147239263804,127.16871165644172,0.38618253156495375,yellow,2x4 brick,0.8442328591114405,2.127976701761173,0.6088999437981127,80
4,259.5432098765432,73.27160493827161,0.15156515850568464,yellow,1x2 brick,0.15107701543852367,2.7302030208913504,0.3873267223185157,80
5,180.4969135802469,301.5154320987654,-0.2378517133534576,white,2x2 brick,0.5045989532715436,0.6196943678838409,0.16434634218571476,80
0,426.25,62.99085365853659,0.045081286365623426,yellow,2x4 brick,0.25,2.4917379091414227,0.29366281538752487,81
1,401.234756097561,419.0030487804878,0.018811254252631353,white,2x4 brick,0.25557074153007886,0.5045432346878159,0.2719053365442302,81
2,88.5,263.6493902439024,0.09161110996785769,red,2x4 brick,0.5,0.8680997576160883,0.3340232146469963,81
3,55.52121212121212,127.17272727272727,0.38585327240862427,yellow,2x4 brick,0.840907725906618,2.1267805698488274,0.6090588760661765,81
4,259.5426829268293,73.27134146341463,0.15119663487151266,yellow,1x2 brick,0.15022786578969416,2.730446341693268,0.387295892254251,81
5,180.4969512195122,301.515243902439,-0.23814950116506495,white,2x2 brick,0.5045432346878159,0.6183765638006842,0.16336314223924844,81
0,426.25,62.99096385542169,0.04425243095106443,yellow,2x4 brick,0.25,2.491837815245758,0.2940561834821183,82
1,401.23493975903614,419.0030120481928,0.017967627928205426,white,2x4 brick,0.25550975976443974,0.5044888500798023,0.2722366438238229,82
2,88.5,263.6475903614458,0.09080902221353802,red,2x4 brick,0.5,0.8699606560297014,0.3345077046571438,82
3,55.51796407185629,127.17365269461078,0.38581985087292964,yellow,2x4 brick,0.8403952156394323,2.1283150568408273,0.6105662088400976,82
4,259.5421686746988,73.2710843373494,0.1503632469617287,yellow,1x2 brick,0.1493927321402078,2.730683753928959,0.38782105927892563,82
5,180.49698795180723,301.51506024096386,-0.23939018795322686,white,2x2 brick,0.5044888500798023,0.6170877454038873,0.16276425530788594,82
0,426.25,62.99107142857143,0.04391222853246921,yellow,2x4 brick,0.25,2.4919353340694204,0.29388593104435634,83
1,401.23511904761904,419.0029761904762,0.01762313999495638,white,2x4 brick,0.25545008853477874,0.5044357521077735,0.2720149930414003,83
2,88.5,263.6488095238095,0.09050104486716723,red,2x4 brick,0.5,0.8687010071994259,0.334433525177215,83
3,55.51775147928994,127.17159763313609,0.3854723318935481,yellow,2x4 brick,0.8371787843320454,2.126924702515797,0.610671654429662,83
4,259.5416666666667,73.27083333333333,0.15001595042211738,yellow,1x2 brick,0.1485712377898653,2.7309154702325658,0.38778234632124275,83
5,180.4970238095238,301.5208333333333,-0.2396625704050368,white,2x2 brick,0.5044357521077735,0.6156543331582325,0.16181154900623715,83
0,426.25,62.991176470588236,0.048109084303310554,yellow,2x4 brick,0.25,2.492030550169034,0.29490946066937096,84
1,401.2352941176471,419.0029411764706,0.021813264619832365,white,2x4 brick,0.25539168642461657,0.5043838956458179,0.27351949405950493,84
2,88.5,263.65,0.09472932668471117,red,2x4 brick,0.5,0.8674675786448736,0.3347736707522363,84
3,55.514619883040936,127.17251461988305,0.3903975671489711,yellow,2x4 brick,0.8367070315711993,2.128422003831582,0.6096234837159905,84
4,259.54117647058825,73.27058823529411,0.15424429016946473,yellow,1x2 brick,0.14776301984800552,2.731141693156341,0.38743754686191123,84
5,180.49705882352941,301.52647058823527,-0.2353889230092932,white,2x2 brick,0.5043838956458179,0.6141990592870243,0.1707643117431177,84
0,426.25,62.991279069767444,0.04767288963590357,yellow,2x4 brick,0.25,2.4921235441545364,0.294782095138943,85
1,401.23546511627904,419.0029069767442,0.021381117720204013,white,2x4 brick,0.2553345137254364,0.5043332376539225,0.27334406834470476,85
2,88.5,263.6511627906977,0.09434164541542744,red,2x4 brick,0.5,0.8662595596367058,0.3347615322523778,85
3,55.51445086705202,127.17630057803468,0.3898974000220552,yellow,2x4 brick,0.8335933526868822,2.1272697261249047,0.6097364386621873,85
4,259.5406976744186,73.2703488372093,0.15381099443851404,yellow,1x2 brick,0.1469677286019132,2.7313626157611726,0.38746084617712767,85
5,180.49709302325581,301.5261627906977,-0.23579939221335497,white,2x2 brick,0.5043332376539225,0.6129999973531833,0.16981076640018145,85
0,426.25,62.991379310344826,0.046754195998452416,yellow,2x4 brick,0.25,2.4922143929167886,0.2952828493516642,86
1,401.235632183908,419.0028735632184,0.02044314898438441,white,2x4 brick,0.25527853235072195,0.504283737058827,0.27377893264967784,86
2,88.5,263.6522988505747,0.09346299160586291,red,2x4 brick,0.5,0.8650761725140466,0.3353655637106535,86
3,55.51428571428571,127.17714285714285,0.3889071943407597,yellow,2x4 brick,0.830539534499922,2.128726744093851,0.6104226270616567,86
4,259.5402298850575,73.27011494252874,0.15288430927023836,yellow,1x2 brick,0.14618502691927474,2.73157842216609,0.3880901109765344,86
5,180.4971264367816,301.52298850574715,-0.2372071258612125,white,2x2 brick,0.504283737058827,0.6154525761024162,0.16933599441755548,86
0,426.25,62.99147727272727,0.04637838291785063,yellow,2x4 brick,0.25,2.4923031698396088,0.2951149121285661,87
1,401.23579545454544,419.00284090909093,0.0200592954483938,white,2x4 brick,0.25522370575504705,0.5042353546429493,0.2735558774154365,87
2,88.5,263.65340909090907,0.09311592196750519,red,2x4 brick,0.5,0.8639166710179923,0.3352919667306018,87
3,55.51412429378531,127.18079096045197,0.38843861230548343,yellow,2x4 brick,0.827543807246865,2.1275894017683856,0.6104555015474171,87
4,259.53977272727275,73.26988636363636,0.15251024469262572,yellow,1x2 brick,0.14541458968261056,2.731789288060026,0.3880648081291176,87
5,180.4943181818182,301.5255681818182,-0.23751727010540702,white,2x2 brick,0.5028007816551778,0.61299814243109,0.1683959585698636,87
0,426.25,62.991573033707866,0.045998579155592884,yellow,2x4 brick,0.25,2.492389944997473,0.2949640799676231,88
1,401.23595505617976,419.00280898876406,0.019700617887827013,white,2x4 brick,0.25516999885788233,0.5041880529407562,0.2733742579114623,88
2,88.5,263.65449438202245,0.09276163844861647,red,2x4 brick,0.5,0.8627803387246297,0.33523144335549904,88
3,55.513966480446925,127.18435754189944,0.3880516337979103,yellow,2x4 brick,0.8246044719677964,2.1264708365111678,0.6105804931550597,88
4,259.54213483146066,73.26966292134831,0.15213297928096178,yellow,1x2 brick,0.14866425418426113,2.731995381178833,0.388054649746196,88
5,180.4943820224719,301.5252808988764,-0.23784610688023333,white,2x2 brick,0.5027697555467501,0.6118503707214705,0.16747565318480553,88
0,426.25,62.99166666666667,0.045588365425735966,yellow,2x4 brick,0.25,2.4924747853399754,0.2948772425630388,89
1,401.2361111111111,419.0027777777778,0.01930400194794426,white,2x4 brick,0.2551173779718071,0.504141796142002,0.2732507690271089,89
2,88.5,263.65555555555557,0.09237492386544079,red,2x4 brick,0.5,0.8616664875707243,0.3352328133116056,89
3,55.51381215469613,127.18508287292818,0.38754106530013116,yellow,2x4 brick,0.8217198969378398,2.1278860463570997,0.6106759444924277,89
4,259.5416666666667,73.26944444444445,0.15174286441176857,yellow,1x2 brick,0.1479019945774904,2.7321968617502703,0.38812322456935416,89
5,180.49444444444444,301.525,-0.2382656681259566,white,2x2 brick,0.5027394092173866,0.6107258886858418,0.1665896627408185,89
0,426.25,62.99175824175824,0.04517696370800728,yellow,2x4 brick,0.25,2.492557754864102,0.29480229524859697,90
1,401.2362637362637,419.00274725274727,0.018875268792628686,white,2x4 brick,0.2550658107348387,0.5040965500013087,0.2731149685223987,90
2,88.5,263.65384615384613,0.09161649868049364,red,2x4 brick,0.5,0.8634593969478325,0.33495063934393693,90
3,55.51092896174863,127.18579234972678,0.3873771388777587,yellow,2x4 brick,0.8214279918369225,2.129269173616141,0.6111208154631648,90
4,259.5412087912088,73.26923076923077,0.1513227427338294,yellow,1x2 brick,0.14715122792134153,2.732393882909444,0.38817454399730456,90
5,180.4945054945055,301.52472527472526,-0.23869582000141173,white,2x2 brick,0.5027097205710503,0.6096239890641665,0.16572205702497025,90
0,426.25,62.99184782608695,0.04484190979108129,yellow,2x4 brick,0.25,2.4926389147752217,0.29462805486031257,91
1,401.23641304347825,419.0027173913044,0.018551890759164105,white,2x4 brick,0.2550152660466118,0.5040522817536102,0.27290560886532683,91
2,88.5,263.6548913043478,0.0913265250548186,red,2x4 brick,0.5,0.8623640341037477,0.3348788805341786,91
3,55.51081081081081,127.18648648648649,0.38695569009979774,yellow,2x4 brick,0.818628973735894,2.1306212978101593,0.6111291696641534,91
4,259.5407608695652,73.26902173913044,0.15099521659144402,yellow,1x2 brick,0.14641167166330646,2.732586591086965,0.38813618933321103,91
5,180.4945652173913,301.5244565217391,-0.23895206450036663,white,2x2 brick,0.5026806684589572,0.6085439931409247,0.16483705830455408,91
0,426.25,62.99193548387097,0.044464199339554214,yellow,2x4 brick,0.25,2.492718323637663,0.2945189802443005,92
1,401.23655913978496,419.002688172043,0.018171494124297586,white,2x4 brick,0.2549657140081586,0.5040089600350209,0.27274987806879847,92
2,88.5,263.6559139784946,0.09063940619524355,red,2x4 brick,0.5,0.8612896513763779,0.3345867467502386,92
3,55.51069518716577,127.18716577540107,0.38649982062850374,yellow,2x4 brick,0.8158805145614202,2.131943450530954,0.6112054717256632,92
4,259.5403225806452,73.26881720430107,0.15062008284105657,yellow,1x2 brick,0.14568305274020674,2.7327751263718927,0.388157245714745,92
5,180.49462365591398,301.5268817204301,-0.23931210072684858,white,2x2 brick,0.5026522326293592,0.6106826402356728,0.1639848082887675,92
0,426.25,62.99202127659574,0.044129360492308124,yellow,2x4 brick,0.25,2.4927960375156424,0.2943607088405686,93
1,401.23670212765956,419.0026595744681,0.01784015635332889,white,2x4 brick,0.25491712586506,0.5039665548087258,0.27255151716033754,93
2,88.5,263.656914893617,0.0903286615796153,red,2x4 brick,0.5,0.8602356512814539,0.33450924808859966,93
3,55.507936507936506,127.18518518518519,0.38702154563535623,yellow,2x4 brick,0.815647550836566,2.1306760714059756,0.6122369678246192,93
4,259.5398936170213,73.2686170212766,0.15029398224104878,yellow,1x2 brick,0.1449651071799111,2.732959622851353,0.3881309070472117,93
5,180.49468085106383,301.52925531914894,-0.23958005518028994,white,2x2 brick,0.5026243936804898,0.6084034554466027,0.16313068398875055,93
0,426.25,62.992105263157896,0.04786674667760615,yellow,2x4 brick,0.25,2.4928721101052744,0.2952392780445646,94
1,401.2368421052632,419.0026315789474,0.021570455727529456,white,2x4 brick,0.2548694739537527,0.5039250372955251,0.27385219704634606,94
2,88.5,263.6578947368421,0.09364407139477904,red,2x4 brick,0.5,0.8592014588060266,0.3344484102810124,94
3,55.50785340314136,127.18586387434554,0.39075186842815496,yellow,2x4 brick,0.8129779138802021,2.127053159602146,0.6105901604555384,94
4,259.5394736842105,73.26842105263158,0.1540240559982379,yellow,1x2 brick,0.14425757972279735,2.7331402089285595,0.387772771296306,94
5,180.49473684210525,301.52894736842103,-0.2359443070086345,white,2x2 brick,0.5025971330164384,0.6073704734070953,0.17102182974310437,94
0,426.25,62.9921875,0.04747894553228752,yellow,2x4 brick,0.25,2.4929465928582886,0.2951393386358873,95
1,401.2369791666667,419.0026041666667,0.021168968076971596,white,2x4 brick,0.2548227316507934,0.503884379908697,0.2736949889601631,95
2,88.5,263.6588541666667,0.09328718900388529,red,2x4 brick,0.5,0.8581865203629331,0.3344392150243745,95
3,55.505181347150256,127.18652849740933,0.39088266457468446,yellow,2x4 brick,0.8127699030474368,2.1234991336074103,0.611303020916576,95
4,259.5390625,73.26822916666667,0.15362795978298432,yellow,1x2 brick,0.14356022346185127,2.733317007620833,0.38779888514756167,95
5,180.49479166666666,301.53125,-0.23632442291024447,white,2x2 brick,0.5025704328057466,0.6094417698462531,0.1701690955920846,95
0,426.25,62.99226804123711,0.051104399308639276,yellow,2x4 brick,0.25,2.49301953509809,0.29594895474888144,96
1,401.2371134020619,419.0025773195876,0.024787863124205264,white,2x4 brick,0.2547768733248948,0.5038445561928664,0.2749087081971759,96
2,88.5,263.659793814433,0.0969432651300059,red,2x4 brick,0.5,0.8571903028029836,0.3346832733254829,96
3,55.50512820512821,127.18461538461538,0.39443041737318846,yellow,2x4 brick,0.8101752637068225,2.122352161688736,0.6096113099664776,96
4,259.5386597938144,73.26804123711341,0.15724675390041765,yellow,1x2 brick,0.14287279950036288,2.733490136839057,0.3874206605571126,96
5,180.49484536082474,301.53092783505156,-0.23311009331989996,white,2x2 brick,0.50254427594253,0.6084221311208042,0.17762270213360817,96
0,426.25,62.99234693877551,0.050745967828576294,yellow,2x4 brick,0.25,2.493090984128676,0.29578917545223476,97
1,401.23724489795916,419.0025510204082,0.024421195223360056,white,2x4 brick,0.254731874291561,0.5038055407665959,0.27469473373353415,97
2,88.5,263.6607142857143,0.09661666830648481,red,2x4 brick,0.5,0.8562122924812037,0.33461749152090725,97
3,55.50253807106599,127.18527918781726,0.3945474099448147,yellow,2x4 brick,0.8099906967080793,2.1236967453515105,0.6102292864463478,97
4,259.53826530612247,73.26785714285714,0.15688179867284271,yellow,1x2 brick,0.14219507662624267,2.733659709649917,0.3873941959075364,97
5,180.49489795918367,301.53061224489795,-0.23340171181640984,white,2x2 brick,0.5025186460099486,0.6074214761152102,0.17673747859796018,97
0,426.25,62.99242424242424,0.054249652964051376,yellow,2x4 brick,0.25,2.4931609853369365,0.2965221370928235,98
1,401.23737373737373,419.00252525252523,0.027933483574753656,white,2x4 brick,0.254687710770161,0.5037673092684385,0.2758264665377207,98
2,88.5,263.66161616161617,0.10018065187952518,red,2x4 brick,0.5,0.8552519943737147,0.33483277988535126,98
3,55.50251256281407,127.1859296482412,0.3979635404955443,yellow,2x4 brick,0.8074674837288258,2.1250132757670737,0.6085387157616444,98
4,259.5378787878788,73.26767676767676,0.16039054082639304,yellow,1x2 brick,0.14152683100204094,2.7338258345221376,0.3869946588561154,98
5,180.49242424242425,301.5353535353535,-0.22982201291943063,white,2x2 brick,0.5012037850613058,0.606165815783829,0.18346696124343956,98
0,426.25,62.9925,0.05385568406810316,yellow,2x4 brick,0.25,2.493229582288803,0.2963599804939934,99
1,401.2375,419.0025,0.02756019003674719,white,2x4 brick,0.2546443598432921,0.5037298383062097,0.2756310636230445,99
2,88.5,263.6625,0.0998223518145959,red,2x4 brick,0.5,0.8543089312420888,0.3347702476376559,99
3,55.5,127.18656716417911,0.3979958797295301,yellow,2x4 brick,0.8073049569600934,2.126302622512585,0.6091094957526231,99
4,259.5375,73.2675,0.16002374536123995,yellow,1x2 brick,0.14086784586980808,2.733988615557863,0.38700134432724076,99
5,180.4925,301.5375,-0.23014609191503943,white,2x2 brick,0.5011923283530985,0.6040229714174785,0.18257579878386623,99
0,426.25,62.992574257425744,0.05338724672364139,yellow,2x4 brick,0.25,2.4932968168196625,0.2962767202215319,100
1,401.23762376237624,419.0024752475247,0.027103467378791237,white,2x4 brick,0.25460179941829286,0.503693105409256,0.2755076977202201,100
2,88.5,263.66336633663366,0.0993975487596969,red,2x4 brick,0.5,0.8533826428422373,0.3347928110029828,100
3,55.5,127.1871921182266,0.39749377438695277,yellow,2x4 brick,0.8048498314788463,2.1229298226875293,0.6092832265143038,100
4,259.53712871287127,73.26732673267327,0.1595290275248678,yellow,1x2 brick,0.14021791126998562,2.7341481527101883,0.3870375739939187,100
5,180.49257425742573,301.53712871287127,-0.23061404633956747,white,2x2 brick,0.5011810871427583,0.6030924212602174,0.1817299689133341,100
